,REACTOME_SIGNALING_BY_ERBB4,REACTOME_APOPTOSIS_INDUCED_DNA_FRAGMENTATION,PID_HIF1A_PATHWAY,PID_LYMPH_ANGIOGENESIS_PATHWAY,KEGG_PHENYLALANINE_METABOLISM,REACTOME_INHIBITION_OF_INSULIN_SECRETION_BY_ADRENALINE_NORADRENALINE,REACTOME_DEADENYLATION_OF_MRNA,REACTOME_SIGNALING_BY_CONSTITUTIVELY_ACTIVE_EGFR,PID_NFAT_3PATHWAY,PID_NFAT_TFPATHWAY
0,34408653,35016479,35013299,35185542,35116008,35202848,32859966,35190442,,34686739
1,34261740,35000912,34816667,35179428,34970896,35202712,,35177918,,34343639
2,31734275,34944423,34803500,35176400,34938667,35200143,,35176115,,33600948
3,29674181,34904793,34748867,35173853,34920751,35199981,,35174179,,33566231
4,29528383,34891482,34712738,35171354,34831057,35199548,,35172533,,33485865
5,29222368,34842377,34548527,35154980,34830706,35199547,,35158353,,33208230
6,28496106,34831325,34526367,35153481,34821993,35199402,,35151646,,32561647
7,27913625,34361788,34512895,35151721,34815154,35199292,,35145639,,31806622
8,26786778,34194142,34389402,35142393,34718103,35199097,,35136733,,31409917
9,26714846,34120676,34375681,35139812,34716790,35198947,,35133574,,31030170
10,26536590,34073550,34019671,35126394,34666141,35198756,,35131376,,30664212
11,25978692,34056897,33964362,35119030,34583124,35197774,,35119030,,30630689
12,23543049,34024257,33962019,35111148,34511531,35197747,,35109828,,30366682
13,23530877,34004366,33925229,35107516,34399527,35197629,,35100497,,30257384
14,23369358,33957024,33920782,35095874,34364297,35197406,,35085329,,30150605
15,23028380,33949941,33904218,35087972,34335259,35197086,,35085251,,29288897
16,23028342,33877774,33880382,35078033,34312836,35196519,,35080610,,29038896
17,22285193,33799221,33875793,35068934,34222493,35196393,,35073196,,28920919
18,19608732,33792106,33849702,35052737,34216216,35196347,,35064298,,28821796
19,19307593,33776779,33826986,35051592,34158241,35195193,,35063969,,28594115
20,,33767915,33795817,35046339,34139119,35194770,,35062810,,28432716
21,,33761135,33789142,35035440,34003986,35194439,,35059072,,28373137
22,,33591386,33709000,35031620,33990157,35194160,,35058710,,28317311
23,,33578871,33679620,35023058,33975515,35192869,,35047644,,27935966
24,,33548567,33651121,35021304,33895825,35192641,,35046888,,27479926
25,,33513400,33520443,35017354,33836111,35192202,,35046679,,27123462
26,,33506920,33496820,35013505,33819181,35191145,,35041708,,27109610
27,,33419045,33369138,35013091,33742102,35190969,,35034024,,26945895
28,,33382033,33197537,35008447,33672039,35190649,,35028319,,26823720
29,,33370687,33134388,35008275,33491030,35190401,,35024052,,26814423
30,,33258025,33044562,35003556,33347754,35189617,,35023940,,26481166
31,,33247792,33032456,35002272,33332405,35189271,,35020750,,26358169
32,,33171588,33019392,35001686,33200425,35188053,,35002305,,25918731
33,,33100967,32851081,35000526,33106149,35187770,,35001686,,25898945
34,,33096494,32816039,34985397,33096658,35187097,,34997128,,25617622
35,,33051931,32812634,34983374,33092571,35186929,,34996878,,25471481
36,,32975326,32776826,34978237,33004401,35186694,,34993571,,25152364
37,,32964735,32711072,34973992,32992327,35186583,,34992535,,24336651
38,,32918597,32697943,34968466,32937246,35186190,,34984794,,23932046
39,,32918173,32680978,34959807,32932725,35185778,,34983210,,23826864
40,,32902901,32678442,34944529,32892654,35185617,,34980720,,23755169
41,,32859086,32658866,34941461,32883686,35185542,,34975301,,23340267
42,,32857659,32650726,34940810,32815103,35185019,,34974909,,22966145
43,,32846184,32579679,34939794,32717986,35184872,,34966917,,22234350
44,,32808479,32558900,34937562,32674925,35184708,,34966359,,22127238
45,,32775396,32529845,34930438,32665614,35184403,,34966356,,22009730
46,,32756920,32476784,34920899,32643532,35184377,,34962074,,21931301
47,,32732137,32464323,34916442,32508116,35183996,,34959967,,21622531
48,,32724135,32394523,34906282,32471219,35183646,,34954923,,21059644
49,,32699238,32294623,34900083,32443614,35183887,,34936168,,20943662
50,,32650903,32290826,34882334,32443532,35183675,,34925865,,20825407
51,,32605640,32252105,34881195,32382314,35183493,,34922334,,20689817
52,,32582289,32248837,34874218,32377520,35183150,,34918690,,19965778
53,,32543429,32202355,34873433,32355740,35182114,,34903856,,19411758
54,,32535580,32150332,34853203,32333952,35180824,,34898373,,19397838
55,,32529989,32134946,34847261,32320943,35180823,,34891213,,19252740
56,,32467722,32112823,34845300,32312866,35180296,,34890990,,18992303
57,,32405351,32044999,34830043,32247822,35180266,,34888761,,18180380
58,,32401607,31974606,34829749,32237524,35180212,,34880638,,17876792
59,,32399992,31957071,34821252,32051147,35179802,,34875861,,16988714
60,,32342760,31905009,34819594,31943934,35179568,,34874944,,16584774
61,,32297072,31866014,34803672,31885637,35178992,,34873433,,16002993
62,,32289504,31863220,34791802,31884319,35178609,,34873190,,12475762
63,,32281218,31786195,34774782,31863220,35178452,,34872280,,
64,,32167139,31720731,34769478,31836899,35178205,,34867828,,
65,,32161193,31715188,34767782,31822686,35178031,,34858345,,
66,,32124588,31676796,34755665,31819070,35177945,,34853985,,
67,,31894667,31654796,34754395,31782507,35177940,,34838541,,
68,,31888398,31600600,34752593,31708234,35177917,,34830301,,
69,,31875960,31583505,34750330,31584131,35177563,,34826514,,
70,,31842249,31537914,34742784,31541370,35177419,,34824300,,
71,,31827375,31520606,34732162,31499054,35177222,,34824108,,
72,,31816190,31487015,34731449,31337616,35176753,,34823560,,
73,,31802703,31414473,34728042,31331350,35176709,,34823092,,
74,,31763839,31408201,34722777,31228482,35175551,,34822056,,
75,,31703530,31351423,34721299,31117294,35174689,,34809611,,
76,,31701452,31344385,34719742,31115373,35174638,,34808334,,
77,,31698018,31331111,34715892,31102272,35174636,,34797947,,
78,,31659282,31241439,34714317,31065046,35174437,,34797832,,
79,,31625574,31214621,34711717,31029902,35174179,,34789343,,
80,,31614179,31213603,34709244,30970526,35174024,,34785919,,
81,,31593205,31207098,34708788,30923035,35173682,,34782349,,
82,,31573555,31187757,34708787,30918104,35173677,,34778414,,
83,,31533112,31185507,34708786,30917419,35173531,,34773360,,
84,,31398260,31121197,34708775,30885989,35173509,,34768589,,
85,,31390268,31079353,34708773,30880915,35173105,,34768437,,
86,,31368881,31002820,34708737,30869798,35172774,,34767792,,
87,,31356754,30961682,34708735,30730841,35172228,,34764663,,
88,,31353725,30917505,34706802,30706418,35171448,,34763450,,
89,,31353661,30911550,34706272,30696861,35170644,,34758997,,
90,,31318577,30897274,34702288,30694829,35170612,,34754434,,
91,,31281569,30743315,34699316,30670174,35170437,,34754229,,
92,,31252091,30600310,34699182,30640391,35170415,,34753557,,
93,,31217360,30597763,34694755,30556504,35170319,,34744444,,
94,,31213603,30506859,34684166,30543107,35170060,,34742906,,
95,,31179568,30361814,34684109,30506451,35169371,,34738659,,
96,,31101940,30317872,34679716,30499400,35169195,,34737903,,
97,,31098971,30221697,34673901,30427552,35168915,,34732509,,
98,,31096818,30213959,34661731,30405858,35167376,,34722660,,
99,,31087517,30097694,34660813,30405462,35166506,,34721837,,
100,,31037132,30007476,34659258,30359173,35166250,,34719611,,
101,,31002823,29967323,34659227,30323304,35165620,,34716692,,
102,,30999892,29753320,34654782,30227169,35165584,,34715799,,
103,,30973512,29700282,34650342,30098134,35165331,,34712380,,
104,,30927207,29693586,34645640,30065632,35165268,,34710093,,
105,,30922813,29693146,34644264,29930218,35165256,,34708786,,
106,,30907926,29690638,34638620,29802586,35164855,,34704321,,
107,,30816665,29644938,34638475,29779698,35164292,,34700293,,
108,,30802477,29412813,34626779,29752946,35164238,,34697593,,
109,,30799273,29404759,34620616,29728717,35164215,,34689373,,
110,,30785089,29374065,34608841,29663011,35164118,,34683112,,
111,,30746047,29146180,34604943,29626220,35163573,,34680533,,
112,,30716067,29129773,34602544,29601913,35162907,,34675059,,
113,,30690003,29042175,34598018,29555466,35162654,,34670450,,
114,,30646747,28774305,34586227,29438107,35160113,,34663321,,
115,,30613492,28758418,34584587,29372256,35159301,,34663077,,
116,,30604889,28697748,34583768,29369529,35158846,,34662688,,
117,,30533579,28689815,34581950,29363305,35158824,,34661687,,
118,,30529775,28683299,34579733,29128846,35158330,,34651001,,
119,,30504726,28595632,34579628,28954970,35158145,,34648888,,
120,,30515996,28436035,34565677,28943546,35157943,,34646935,,
121,,30496779,28424212,34564158,28933093,35157687,,34645614,,
122,,30488697,28419670,34560065,28663594,35157499,,34643490,,
123,,30476208,28374767,34558255,28637888,35155683,,34643484,,
124,,30444033,28351619,34556761,28618876,35154494,,34640457,,
125,,30337876,28263817,34553427,28580535,35154005,,34637171,,
126,,30328251,28009852,34552123,28472682,35153824,,34628701,,
127,,30253137,27918469,34538511,28460264,35153796,,34625357,,
128,,30247717,27909871,34536049,28401628,35153733,,34623630,,
129,,30205097,27829662,34533398,28400286,35153494,,34623029,,
130,,30198018,27821168,34526548,28389705,35153417,,34622850,,
131,,30179627,27649243,34526376,28367428,35152907,,34620621,,
132,,30168428,27522360,34523658,28300592,35152812,,34620182,,
133,,30119216,27425889,34523038,28297133,35151706,,34619108,,
134,,30107617,27351799,34521246,28285739,35151646,,34619106,,
135,,30082798,27288252,34516311,28283573,35151421,,34603198,,
136,,30022501,27207834,34515012,28233627,35150035,,34596371,,
137,,29946211,27069929,34508881,28187322,35149166,,34593566,,
138,,29924999,26967994,34507636,28185532,35148936,,34593536,,
139,,29887834,26956696,34502350,28169935,35148612,,34592520,,
140,,29884802,26908870,34502144,28087508,35148580,,34589395,,
141,,29872771,26725915,34488845,28063302,35148275,,34586368,,
142,,29858880,26720469,34487257,28039955,35148196,,34585886,,
143,,29803782,26679676,34486326,27960013,35147350,,34584354,,
144,,29779708,26614261,34483928,27875310,35146402,,34576158,,
145,,29779142,26600509,34480934,27866845,35145895,,34562196,,
146,,29760122,26464661,34477927,27808173,35145481,,34561199,,
147,,29758315,26463737,34468834,27749986,35145353,,34557469,,
148,,29747657,26278717,34467607,27507597,35144941,,34545949,,
149,,29704151,26113285,34461141,26887663,35144649,,34544446,,
150,,29704081,26073000,34447414,27694567,35144596,,34522111,,
151,,29686455,25956355,34446301,27598004,35144052,,34522109,,
152,,29670917,25952368,34441269,27530902,35141761,,34519996,,
153,,29625944,25907932,34438011,27421789,35141727,,34517014,,
154,,29575122,25877238,34437952,27322810,35141057,,34501433,,
155,,29572844,25869614,34434452,27289540,35140804,,34497173,,
156,,29510179,25532619,34419979,27242385,35140529,,34497110,,
157,,29479143,25500169,34415363,27221118,35140490,,34496164,,
158,,29399212,25454972,34414639,27211699,35140467,,34492149,,
159,,29389581,25427381,34410069,27208380,35140448,,34485532,,
160,,29230422,25381014,34391832,27175676,35140188,,34481963,,
161,,29204450,25284101,34391637,26950281,35140187,,34481470,,
162,,29068452,25187372,34389483,26846565,35139791,,34476451,,
163,,28963949,25073425,34382850,26844282,35138995,,34473880,,
164,,28862933,25059098,34380156,26791187,35136945,,34472802,,
165,,28858634,25057215,34379187,26748374,35136739,,34464675,,
166,,28826719,25054148,34375775,26653072,35136338,,34462544,,
167,,28823168,25042714,34370714,26600713,35135590,,34461808,,
168,,28753206,24924441,34369659,26526912,35135342,,34452776,,
169,,28695302,24878748,34369441,26404065,35135077,,34449181,,
170,,28692233,24867508,34360849,26283735,35134601,,34448033,,
171,,28691137,24865616,34360550,26271442,35133415,,34445968,,
172,,28643853,24769354,34359881,26158794,35133181,,34444971,,
173,,28638013,24675660,34350169,26063450,35132858,,34442028,,
174,,28623529,24564828,34350068,26037513,35131852,,34441040,,
175,,28603417,24507647,34347216,26035110,35131380,,34440682,,
176,,28599896,24366041,34344299,25937635,35131375,,34436155,,
177,,28586916,24279470,34341568,25897359,35129941,,34433133,,
178,,28533125,24275182,34335038,25812367,35130556,,34432626,,
179,,28527878,24030251,34334704,25781235,35130338,,34431269,,
180,,28511074,23984430,34333043,25733201,35129965,,34428770,,
181,,28502979,23979266,34329390,25693751,35129900,,34425083,,
182,,28492550,23935835,34326947,25631328,35129868,,34420817,,
183,,28486920,23874823,34323921,25573147,35129235,,34419984,,
184,,28364094,23847321,34321516,25560470,35129018,,34414665,,
185,,28346156,23810809,34320834,25559284,35128870,,34408653,,
186,,28293400,23719521,34320593,25539617,35128745,,34407822,,
187,,28274335,23718695,34315726,25464928,35128381,,34407751,,
188,,28259941,23712867,34314862,25423564,35128336,,34404433,,
189,,28229177,23615507,34311786,25404734,35127948,,34404134,,
190,,28219782,23573311,34303767,25305014,35127799,,34403950,,
191,,28193056,23512810,34297586,25057154,35126874,,34402100,,
192,,28128991,23462604,34293080,24966532,35126811,,34400769,,
193,,28033563,23411040,34285680,24890121,35126141,,34400461,,
194,,27966332,23379642,34283986,24704461,35126008,,34400082,,
195,,27921430,23255598,34283979,24627569,35124792,,34394833,,
196,,27902175,23252631,34282598,24552903,35124687,,34393228,,
197,,27881717,23244125,34281162,24431431,35124671,,34391872,,
198,,27865318,23197976,34279974,24430787,35124417,,34390437,,
199,,27823613,22991450,34278923,24322398,35124169,,34383954,,
200,,27818604,22899901,34278746,24292023,35123833,,34380703,,
201,,27565141,22844268,34278463,24261759,35123379,,34362787,,
202,,27621051,22834840,34277588,24234422,35122903,,34355651,,
203,,27667194,22707888,34275395,24225338,35122876,,34353883,,
204,,27776381,22661484,34266474,24176451,35121049,,34349832,,
205,,27631677,22581719,34264768,24024786,35120579,,34348909,,
206,,27344677,22579475,34259103,23924720,35119848,,34341568,,
207,,27755393,22523246,34256844,23859953,35119630,,34338408,,
208,,27737949,22492942,34256400,23787216,35119572,,34338406,,
209,,27733145,22403299,34230991,23633210,35119016,,34336954,,
210,,29638064,22377232,34222063,23631607,35118717,,34336112,,
211,,27539431,22232563,34216434,23607762,35118541,,34334308,,
212,,27530460,22210321,34206433,23574533,35118540,,34333059,,
213,,27489506,22125629,34204153,23530834,35118455,,34332599,,
214,,27481296,22110070,34199319,23417031,35118448,,34326100,,
215,,27425404,22073864,34189816,23377891,35118445,,34325887,,
216,,27422579,21813290,34185587,23370597,35118442,,34322974,,
217,,27404587,21795715,34179020,23338975,35116211,,34320238,,
218,,30480417,21777581,34174862,23330081,35115945,,34313215,,
219,,27318070,21689648,34171772,23324437,35115614,,34312243,,
220,,27317017,21627711,34171251,23295371,35115561,,34311020,,
221,,27291759,21435171,34169613,23256729,35115003,,34309046,,
222,,27278263,21360191,34163437,23242195,35114950,,34308311,,
223,,27255598,21345401,34160456,23237188,35114785,,34305401,,
224,,27252826,21282369,34158423,23198915,35114772,,34304366,,
225,,27235923,21167435,34157786,23075115,35114770,,34289813,,
226,,27189100,20844021,34149611,23043162,35114764,,34284392,,
227,,27165858,20811317,34145756,23032060,35114763,,34282181,,
228,,27153943,20645943,34144077,22982177,35114702,,34277984,,
229,,27124227,20620220,34137197,22977272,35114469,,34272327,,
230,,27108145,20562294,34128630,22934758,35114453,,34268015,,
231,,27089006,20530741,34124270,22926069,35114418,,34254743,,
232,,26989230,20215574,34124019,22884988,35114388,,34254257,,
233,,26931751,20005221,34121335,22842957,35113805,,34248037,,
234,,26918849,19843875,34119624,22768586,35113203,,34246657,,
235,,26902242,19837381,34115869,22754303,35111222,,34245799,,
236,,26831938,19691832,34106593,22753154,35111148,,34244329,,
237,,26814598,19659459,34103662,22739107,35111074,,34240198,,
238,,26797275,19300184,34099721,22718433,35111058,,34235875,,
239,,26758067,19057015,34097181,22538219,35110855,,34234484,,
240,,26658596,18954918,34096258,22530993,35110080,,34233928,,
241,,26658505,18835934,34093556,22497444,35109996,,34233925,,
242,,26599467,18506785,34082970,22482900,35108508,,34233048,,
243,,26549420,18448614,34081870,22332087,35108433,,34228899,,
244,,26520063,18301327,34070439,22293455,35108116,,34221371,,
245,,26518730,18003758,34066859,22250059,35107789,,34220022,,
246,,26491377,17971009,34064112,22240597,35107740,,34219598,,
247,,26476734,17971008,34058994,22209866,35107488,,34216366,,
248,,26400610,17967803,34054544,22136812,35106626,,34216216,,
249,,26394662,17586470,34053926,22071500,35106289,,34213474,,
250,,26380761,17049056,34051854,21970446,35106234,,34211028,,
251,,26358669,17003339,34044713,21923736,35106121,,34209644,,
252,,26330286,16046581,34043607,21895920,35105470,,34198292,,
253,,26310807,15884793,34039185,21890434,35105428,,34193460,,
254,,26309100,15663958,34020670,21801074,35105246,,34186366,,
255,,26301303,15331549,34019671,21766676,35104275,,34183993,,
256,,26216139,15277220,34019504,21548456,35104142,,34183431,,
257,,26215420,14747287,34016597,21454562,35104016,,34183248,,
258,,26191082,12189448,34011723,21423183,35103499,,34183018,,
259,,26146025,11923216,34003937,21376417,35103458,,34181081,,
260,,26126591,11901189,34001958,21341181,35103454,,34178839,,
261,,26040298,11435456,34000773,21204958,35103245,,34177370,,
262,,25853493,11435455,33999433,21194775,35101867,,34177221,,
263,,25834642,11349728,33991614,21185798,35101568,,34173920,,
264,,25804755,,33991016,21113108,35101478,,34172489,,
265,,25800199,,33988033,20943816,35101476,,34170951,,
266,,25795942,,33983531,20876728,35101455,,34169498,,
267,,25728260,,33981238,20865534,35101325,,34166150,,
268,,25591455,,33979630,20809476,35101023,,34165684,,
269,,25565258,,33978618,20809197,35101010,,34165438,,
270,,25550057,,33978082,20628041,35100891,,34154885,,
271,,25541178,,33971352,20622162,35100586,,34150442,,
272,,25423611,,33968285,20499825,35100325,,34150435,,
273,,25406277,,33966556,20463420,35099465,,34136784,,
274,,25398202,,33964362,20334663,35099428,,34134654,,
275,,25397354,,33962019,20228403,35098884,,34129237,,
276,,25391818,,33961506,20228402,35098553,,34126947,,
277,,25384914,,33959096,20228400,35098383,,34126643,,
278,,25354939,,33956397,20184589,35098034,,34110524,,
279,,25284929,,33946803,20134036,35097119,,34110038,,
280,,25270067,,33942506,20112433,35097004,,34109496,,
281,,25218728,,33942162,20107402,35096939,,34102327,,
282,,25172468,,33940652,20032292,35096552,,34102025,,
283,,25154654,,33940544,19850685,35096331,,34089392,,
284,,25145320,,33939118,19755410,35096302,,34085949,,
285,,25133692,,33937416,19748326,35096054,,34085731,,
286,,25050371,,33922399,19728131,35095773,,34085292,,
287,,24928681,,33917759,19688022,35095757,,34084770,,
288,,24928567,,33914191,19654285,35094873,,34083571,,
289,,24927554,,33907139,19615687,35094738,,34083127,,
290,,24881731,,33902285,19589264,35094604,,34082427,,
291,,24867503,,33902238,19576120,35094087,,34079317,,
292,,24810053,,33899465,19564559,35092749,,34074934,,
293,,24628249,,33887222,19474134,35092603,,34070103,,
294,,24595304,,33875793,19472523,35092562,,34064638,,
295,,24594616,,33875791,19419235,35092260,,34061302,,
296,,24484682,,33856549,19388972,35092221,,34059937,,
297,,24429158,,33854480,19387990,35091876,,34059526,,
298,,24287236,,33852907,19249171,35091821,,34058808,,
299,,24246677,,33840497,19183841,35091448,,34057836,,
300,,24189421,,33839725,19135939,35090949,,34049674,,
301,,24152769,,33838166,19125899,35090905,,34047959,,
302,,24143907,,33832114,19082141,35090876,,34047459,,
303,,24099334,,33813800,18946890,35089443,,34047442,,
304,,24011745,,33813612,18945922,35089124,,34043214,,
305,,23996278,,33813015,18849086,35088828,,34029680,,
306,,23979843,,33809898,18779868,35088682,,34028657,,
307,,23957479,,33807864,18693094,35088561,,34023779,,
308,,23949639,,33806202,18583949,35088558,,34023227,,
309,,23907022,,33792788,18556250,35087975,,34022855,,
310,,23900565,,33789742,18551122,35087972,,34022251,,
311,,23863811,,33789617,18505128,35087408,,34020611,,
312,,23817295,,33787534,18498242,35086778,,34019358,,
313,,23790456,,33779350,18492837,35086537,,34018976,,
314,,23781506,,33775914,18478525,35086144,,34015925,,
315,,23593533,,33775825,18390927,35085153,,34015478,,
316,,23445773,,33772699,18388893,35084716,,34013739,,
317,,23353834,,33772356,18257780,35084435,,34009708,,
318,,23351438,,33770016,18254725,35083696,,34007217,,
319,,23344061,,33766618,18200800,35083665,,34001084,,
320,,23239315,,33763059,19337530,35083418,,33997627,,
321,,23159613,,33762845,18073294,35083338,,33996155,,
322,,23137174,,33760698,18057760,35083086,,33993906,,
323,,23092809,,33759957,18041443,35082201,,33993770,,
324,,23056035,,33759548,18025765,35082198,,33990175,,
325,,22961115,,33755757,18023765,35081898,,33987258,,
326,,22950056,,33753107,17941876,35080502,,33983444,,
327,,22927832,,33752058,17874223,35079935,,33980605,,
328,,22915032,,33748878,17872451,35079073,,33973091,,
329,,22884472,,33746885,17704018,35078449,,33972623,,
330,,22874275,,33741057,17587398,35078309,,33962476,,
331,,22864903,,33734192,17587393,35078286,,33953784,,
332,,22820449,,33733998,17573070,35078033,,33941808,,
333,,22796231,,33728349,17458297,35077932,,33940428,,
334,,22791702,,33725633,17443551,35077826,,33935511,,
335,,22763673,,33724292,17425753,35077745,,33933156,,
336,,22745122,,33722087,17376293,35077074,,33932738,,
337,,22737788,,33719831,17319653,35076540,,33928108,,
338,,22672458,,33716048,17298589,35076227,,33910506,,
339,,22647452,,33714952,17267050,35075059,,33909121,,
340,,22631050,,33713680,17253883,35074527,,33908689,,
341,,22521615,,33709000,17224326,35073669,,33906908,,
342,,22517368,,33707159,17132543,35073668,,33906273,,
343,,22504486,,33706582,17111744,35073578,,33902673,,
344,,22391800,,33706169,17095613,35072544,,33896872,,
345,,22361975,,33705802,17087304,35072537,,33896062,,
346,,22342389,,33694304,17082235,35072186,,33890634,,
347,,22320933,,33691182,17074149,35071605,,33889958,,
348,,22311417,,33685571,17050498,35071380,,33888049,,
349,,22249968,,33685347,16990839,35070533,,33887734,,
350,,22228674,,33679398,16985091,35070251,,33883887,,
351,,22215928,,33673027,16953069,35070111,,33881641,,
352,,22203421,,33670730,16930298,35070060,,33878338,,
353,,22150024,,33664862,16899941,35070056,,33861365,,
354,,22143345,,33662598,16886705,35069859,,33859515,,
355,,22131441,,33661709,16844097,35069452,,33854754,,
356,,22101912,,33658601,16842480,35069451,,33852196,,
357,,22075494,,33655322,16796707,35069434,,33851953,,
358,,22069263,,33651121,16785606,35068934,,33847269,,
359,,22067097,,33650820,16759103,35068334,,33837913,,
360,,22004710,,33647254,16751163,35068192,,33834419,,
361,,21979999,,33639232,16731836,35067907,,33833077,,
362,,21961526,,33637772,16718465,35067899,,33832522,,
363,,21945815,,33636209,16684121,35067816,,33831052,,
364,,21919942,,33631120,16683187,35067740,,33830688,,
365,,21902832,,33629304,16644666,35067162,,33829436,,
366,,21896852,,33628832,16639877,35067011,,33827803,,
367,,21843632,,33627712,16620416,35067010,,33827531,,
368,,21839831,,33623636,16620272,35066986,,33824908,,
369,,21816064,,33621940,16618980,35066056,,33814397,,
370,,21806668,,33618724,16614412,35065847,,33812735,,
371,,21804221,,33616665,16595936,35065677,,33796252,,
372,,21794205,,33613446,16510379,35065623,,33792669,,
373,,21767572,,33609510,16506273,35065504,,33790859,,
374,,21752197,,33607073,16443858,35064693,,33786273,,
375,,21747057,,33606153,16418160,35064406,,33781208,,
376,,21697998,,33602182,16396514,35064400,,33780924,,
377,,21655098,,33601096,16363700,35063596,,33780903,,
378,,21654148,,33599552,16336780,35062427,,33778934,,
379,,21644000,,33599110,16298866,35062090,,33778153,,
380,,21636306,,33596257,16221230,35062059,,33775972,,
381,,21585014,,33596041,16214362,35061820,,33775157,,
382,,21538458,,33595499,16214255,35060126,,33772856,,
383,,21535124,,33594895,16201069,35059918,,33769679,,
384,,21497647,,33591858,16178991,35059395,,33767064,,
385,,21493893,,33588607,16176335,35059270,,33766697,,
386,,21455862,,33584541,16164664,35059269,,33764251,,
387,,21411507,,33581844,16129917,35059268,,33763380,,
388,,21302582,,33581374,16123472,35059263,,33760450,,
389,,21282495,,33581257,16023099,35059259,,33756310,,
390,,21207007,,33576890,16002803,35059257,,33752999,,
391,,22550873,,33576819,15986773,35059244,,33752759,,
392,,21147644,,33575886,15981944,35059243,,33752319,,
393,,21144973,,33572905,15933636,35059072,,33751403,,
394,,21063772,,33571295,15902547,35058312,,33746450,,
395,,21062351,,33563874,15871845,35057768,,33745995,,
396,,20959005,,33563731,15855578,35057594,,33744399,,
397,,20957341,,33559843,15855169,35057577,,33743083,,
398,,20923501,,33559819,15807992,35057560,,33741351,,
399,,20922870,,33552282,15807285,35057557,,33740899,,
400,,20846161,,33552063,15779435,35057547,,33736882,,
401,,20728477,,33552057,15779426,35057540,,33735863,,
402,,20676805,,33549594,15779419,35057513,,33726706,,
403,,20654063,,33545851,15758246,35057510,,33725985,,
404,,20608150,,33545836,15724236,35057487,,33722396,,
405,,20560685,,33532586,15696011,35057448,,33720983,,
406,,20522647,,33529593,15685854,35056941,,33716291,,
407,,20477311,,33524559,15660732,35056861,,33715620,,
408,,20461356,,33522573,15660195,35056780,,33715338,,
409,,20425066,,33520826,15569593,35056765,,33713332,,
410,,20380627,,33517291,15563878,35056417,,33711960,,
411,,20370652,,33515594,15551454,35056318,,33707611,,
412,,20308746,,33513084,15533050,35056315,,33706754,,
413,,20308741,,33509565,15505010,35056163,,33705752,,
414,,20213314,,33508920,15479218,35055468,,33694184,,
415,,20211690,,33505469,15389298,35055431,,33688855,,
416,,20188823,,33504680,15375790,35055382,,33685340,,
417,,20144584,,33499698,15351795,35055338,,33682388,,
418,,20098759,,33498045,15347061,35055081,,33677699,,
419,,23082487,,33490120,15325671,35054938,,33674951,,
420,,19959756,,33486648,15324515,35054926,,33668851,,
421,,19924780,,33479582,15317602,35054924,,33666270,,
422,,19881493,,33478573,15287927,35054888,,33665685,,
423,,19817793,,33475906,15270800,35054822,,33663074,,
424,,19812703,,33471572,15265763,35054422,,33660924,,
425,,19794167,,33470281,15255786,35054078,,33659978,,
426,,19768936,,33463593,15222748,35053127,,33657115,,
427,,19768736,,33463589,15200747,35052794,,33656967,,
428,,19641635,,33463234,15161773,35052752,,33656638,,
429,,19617631,,33458899,15161767,35052633,,33649427,,
430,,19602580,,33453677,15161764,35052597,,33642873,,
431,,19593734,,33453370,15159644,35052470,,33637202,,
432,,19592619,,33453061,15149326,35052298,,33634308,,
433,,19581337,,33445943,15106356,35051881,,33631184,,
434,,19567529,,33444982,15095037,35051813,,33628839,,
435,,19542260,,33441910,15083812,35051497,,33625802,,
436,,19505370,,33438363,15058753,35051421,,33619120,,
437,,19484197,,33434220,15034195,35050311,,33618585,,
438,,19472957,,33427267,15027096,35049442,,33612680,,
439,,19367193,,33422138,15002939,35049378,,33611623,,
440,,19317217,,33421732,15002927,35049196,,33609510,,
441,,19272793,,33421467,15000767,35049031,,33606920,,
442,,19223597,,33420855,14984437,35049001,,33600406,,
443,,19175688,,33420422,14974337,35048962,,33599924,,
444,,19094082,,33419373,14748619,35048602,,33599678,,
445,,19003114,,33416127,14746575,35048556,,33597203,,
446,,18843095,,33414994,14720127,35048283,,33588611,,
447,,18753677,,33413110,14719796,35048126,,33586119,,
448,,18753253,,33411234,14717967,35048037,,33585042,,
449,,18709137,,33407796,14633839,35047125,,33582932,,
450,,18685806,,33396192,14633838,35047118,,33572844,,
451,,18625446,,33395587,14603368,35046895,,33570456,,
452,,18454665,,33395426,14602757,35046817,,33567895,,
453,,18397274,,33394935,14570054,35046156,,33564514,,
454,,18339265,,33389934,14526583,35046013,,33564428,,
455,,18304222,,33381040,12965106,35045841,,33560052,,
456,,18252916,,33376178,12951631,35045807,,33558151,,
457,,18220646,,33371648,12941780,35045332,,33548908,,
458,,18217985,,33371646,12940610,35045227,,33548063,,
459,,18053324,,33370067,12918894,35045184,,33546360,,
460,,18004065,,33369638,12885691,35045105,,33541776,,
461,,17900558,,33369138,12879789,35044536,,33535733,,
462,,17890854,,33361521,12877090,35044446,,33524984,,
463,,17804249,,33354192,12877088,35043952,,33520848,,
464,,17762145,,33351403,12832316,35043419,,33520463,,
465,,17726733,,33352227,12832314,35043173,,33513399,,
466,,17691973,,33346475,12766094,35042934,,33508124,,
467,,17588956,,33339897,12765847,35042735,,33505536,,
468,,17570878,,33339050,12764579,35042457,,33503029,,
469,,17488106,,33338749,12711836,35041336,,33502090,,
470,,17478459,,33332304,12707268,35041127,,33492590,,
471,,17347928,,33328159,12693123,35040554,,33492299,,
472,,17321518,,33327730,12674176,35040414,,33491430,,
473,,17289084,,33327053,12625415,35040301,,33490185,,
474,,17279487,,33326191,12616669,35039874,,33484208,,
475,,17267584,,33326183,12615243,35039662,,33482440,,
476,,17239603,,33325098,12610012,35039353,,33479412,,
477,,17047923,,33323458,12590015,35039346,,33479188,,
478,,17023529,,33321883,12489381,35039332,,33478431,,
479,,16986170,,33321634,12479880,35038890,,33477404,,
480,,16940432,,33320223,12469362,35038311,,33474707,,
481,,16928677,,33319548,12469228,35037631,,33471741,,
482,,16863987,,33315828,12462297,35037393,,33471713,,
483,,16765720,,33312210,12459269,35037196,,33471254,,
484,,16733410,,33304318,12453951,35037160,,33465808,,
485,,16684605,,33302426,12422705,35036572,,33463494,,
486,,16644678,,33295943,12404197,35035440,,33461925,,
487,,16624439,,33293476,12402899,35035357,,33460313,,
488,,16574760,,33282960,12387079,35034940,,33449936,,
489,,16538969,,33274237,12387022,35034636,,33443971,,
490,,16464164,,33268735,12387020,35034504,,33441623,,
491,,16458664,,33262587,12365816,35033801,,33441513,,
492,,23074483,,33259831,12242462,35033175,,33439998,,
493,,16260352,,33258323,12213867,35033161,,33435948,,
494,,16227462,,33255074,12196422,35033094,,33426390,,
495,,16227461,,33253664,12162376,35033005,,33419932,,
496,,16202877,,33251135,12154484,35032674,,33417741,,
497,,16197821,,33249991,12145150,35032624,,33413395,,
498,,15974415,,33238687,12134432,35032569,,33407242,,
499,,15964614,,33227645,12109778,35032562,,33400357,,
500,,15958271,,33227274,12107753,35032312,,33396516,,
501,,15942119,,33221752,12071108,35032247,,33396145,,
502,,15939814,,33215898,12067237,35031999,,33394543,,
503,,15862893,,33214136,12047396,35031057,,33393899,,
504,,15860929,,33204295,12040862,35030973,,33389518,,
505,,15857516,,33195703,12032274,35029940,,33389459,,
506,,15808783,,33194721,12010187,35029901,,33382965,,
507,,15794660,,33194137,11976159,35029882,,33380151,,
508,,15777748,,33191800,11973922,35029513,,33378070,,
509,,15747323,,33188599,11916909,35029244,,33374341,,
510,,15746699,,33183445,11902096,35028650,,33371732,,
511,,15723279,,33181170,11896938,35028470,,33364086,,
512,,15680119,,33179140,11872380,35027795,,33359778,,
513,,15647437,,33176621,11823724,35027504,,33359753,,
514,,15638292,,33176446,11809285,35027384,,33358080,,
515,,15610231,,33172616,11805432,35026882,,33351059,,
516,,15589968,,33166863,11794096,35025756,,33343270,,
517,,15531378,,33164859,11739446,35023956,,33340064,,
518,,15528045,,33162978,11728565,35023058,,33340043,,
519,,15528036,,33162888,19667581,35022377,,33338413,,
520,,15518798,,33160752,11724096,35021971,,33338051,,
521,,15238996,,33155187,11703437,35021057,,33334874,,
522,,15228097,,33154424,11697294,35020844,,33328269,,
523,,15225139,,33151576,11600556,35019844,,33324342,,
524,,15223067,,33144606,11585005,35019739,,33323477,,
525,,15155556,,33142041,11563410,35019122,,33323354,,
526,,15141093,,33141788,11549192,35018767,,33319487,,
527,,15124909,,33139557,11547215,35018256,,33319467,,
528,,15056984,,33135824,11527989,35018032,,33316751,,
529,,15039298,,33132433,11523901,35017411,,33316282,,
530,,15005509,,33131308,11499153,35016570,,33315053,,
531,,14735361,,33128943,11472274,35015463,,33311577,,
532,,14671039,,33122392,11450507,35015837,,33308177,,
533,,14601482,,33122391,11449877,35015742,,33307298,,
534,,14592444,,33121423,11443197,35015214,,33304926,,
535,,14577612,,33118671,11436175,35014961,,33303792,,
536,,12882701,,33117388,11423506,35014695,,33299336,,
537,,12795710,,33112294,11375357,35014047,,33292335,,
538,,12739027,,33109684,11344245,35013505,,33289072,,
539,,12695558,,33102604,11342044,35013484,,33288413,,
540,,12631075,,33101780,11325808,35013420,,33288412,,
541,,12567515,,33096729,11298730,35013237,,33283836,,
542,,12546277,,33089609,11298729,35011882,,33280425,,
543,,12544832,,33087692,11283474,35011728,,33278793,,
544,,12235117,,33086850,11247371,35011465,,33278690,,
545,,12183699,,33084817,11225164,35011414,,33277819,,
546,,12137925,,33084813,11216017,35011387,,33277301,,
547,,12126463,,33074364,11213883,35011065,,33273849,,
548,,12122124,,33068689,11200947,35011044,,33271231,,
549,,12031969,,33065984,11190420,35010985,,33269512,,
550,,11932965,,33065390,11181633,35010958,,33269065,,
551,,11927384,,33060607,11092289,35010938,,33264825,,
552,,11847792,,33053556,11065346,35010780,,33264776,,
553,,11798015,,33051573,11055810,35010708,,33258006,,
554,,11775837,,33045219,11052951,35008927,,33251992,,
555,,11563854,,33044671,11031747,35008906,,33247759,,
556,,11510477,,33044005,11030470,35008854,,33245744,,
557,,11407791,,33039592,11009186,35008779,,33243221,,
558,,11350593,,33039459,10970792,35008764,,33242516,,
559,,11319840,,33032456,10947203,35008753,,33239900,,
560,,11272207,,33025970,10928230,35008624,,33239448,,
561,,11272167,,33023593,10926312,35008567,,33239410,,
562,,11053301,,33013915,10926309,35008275,,33236523,,
563,,11045666,,33013834,10914792,35008256,,33236509,,
564,,10969843,,33007486,10877006,35008094,,33236478,,
565,,10901308,,32997288,10868864,35008072,,33234402,,
566,,10850865,,32997285,10868832,35007927,,33233425,,
567,,10704145,,32996553,10855536,35007648,,33230102,,
568,,10702418,,32993645,10820657,35006530,,33228726,,
569,,10634421,,32991960,10809183,35006328,,33224374,,
570,,10600775,,32982792,19667506,35006126,,33223841,,
571,,10515125,,32980661,10784228,35004947,,33221787,,
572,,10509875,,32979189,10720043,35004879,,33221752,,
573,,10494135,,32978698,10660944,35004041,,33217980,,
574,,10479666,,32973073,10642368,35003773,,33217178,,
575,,10409619,,32971626,10619578,35003299,,33214158,,
576,,10406008,,32967568,10601576,35003235,,33214022,,
577,,10396031,,32966542,10593129,35002984,,33213078,,
578,,10102689,,32964987,10586372,35002962,,33212505,,
579,,10097902,,32957808,10484579,35002959,,33212357,,
580,,10086321,,32956188,10450791,35002748,,33211729,,
581,,10077455,,32955210,10408228,35002636,,33210357,,
582,,10067844,,32954901,10389850,35002492,,33208408,,
583,,9930940,,32950677,10362631,35002441,,33205593,,
584,,9928426,,32948647,10332686,35001410,,33204295,,
585,,9829981,,32943041,10199157,35001338,,33202992,,
586,,9827612,,32942144,10091154,35000599,,33199414,,
587,,9714816,,32942016,9920141,35000594,,33198669,,
588,,9689119,,32941691,9843555,35000498,,33194721,,
589,,9642318,,32940719,9806767,35000222,,33191817,,
590,,9637495,,32933345,9789716,34999914,,33187480,,
591,,9630631,,32932257,9785468,34999333,,33184434,,
592,,9625357,,32931668,9781841,34999113,,33183530,,
593,,9482914,,32923490,9737813,34999047,,33181704,,
594,,9510138,,32920811,9681489,34998917,,33181273,,
595,,9492080,,32913718,9644046,34998693,,33181154,,
596,,9401828,,32913499,9586965,34998036,,33176660,,
597,,9232198,,32912502,9584493,34997592,,33168396,,
598,,9184645,,32908935,9583761,34997408,,33168393,,
599,,9588816,,32904641,9543687,34996987,,33167899,,
600,,9587587,,32902952,9503840,34996986,,33164656,,
601,,8932996,,32900696,9434801,34996930,,33163050,,
602,,8931638,,32900278,9434461,34996781,,33161879,,
603,,8886842,,32896498,9434319,34996484,,33160031,,
604,,8952619,,32894329,9419389,34996380,,33155749,,
605,,8869191,,32887674,9249535,34996091,,33152927,,
606,,8674897,,32884534,9167113,34996082,,33150715,,
607,,8675702,,32882447,9166665,34996067,,33149926,,
608,,8739912,,32881673,9145209,34995804,,33143634,,
609,,8619815,,32879783,9075429,34994287,,33141880,,
610,,8780790,,32879654,9434462,34993818,,33135477,,
611,,8562390,,32876648,9051589,34993571,,33133389,,
612,,8690167,,32874564,9211310,34992781,,33132917,,
613,,7550090,,32870741,9117089,34992395,,33129749,,
614,,8020588,,32870245,8971093,34991564,,33128721,,
615,,8152488,,32868904,8996841,34991302,,33125920,,
616,,8119136,,32868074,9138399,34991301,,33125832,,
617,,7997223,,32865040,8894500,34989743,,33122288,,
618,,7686306,,32862601,8751856,34989285,,33119194,,
619,,8484733,,32858254,8925406,34989030,,33118520,,
620,,1295630,,32856346,8666134,34988917,,33118320,,
621,,1397304,,32852613,8725857,34988903,,33117549,,
622,,1397702,,32850903,8887149,34988825,,33116707,,
623,,1612069,,32848736,8928767,34988348,,33116081,,
624,,1813279,,32848396,8880890,34987576,,33115289,,
625,,1834504,,32843584,7562555,34987478,,33115283,,
626,,1989973,,32841667,8552107,34987398,,33102509,,
627,,1649079,,32836220,7657036,34987261,,33101732,,
628,,2141661,,32833039,7629232,34987259,,33100131,,
629,,,,32829810,8529042,34987125,,33098434,,
630,,,,32829304,7769135,34987124,,33097787,,
631,,,,32829027,7762635,34986525,,33096189,,
632,,,,32826789,8614255,34986499,,33085443,,
633,,,,32825885,7859942,34986353,,33090207,,
634,,,,32822291,7627765,34986338,,33083497,,
635,,,,32821513,7608134,34986201,,33082885,,
636,,,,32818277,9704091,34985463,,33081745,,
637,,,,32818092,7791518,34985183,,33081058,,
638,,,,32816832,7989455,34985174,,33077349,,
639,,,,32816791,7729088,34984822,,33068301,,
640,,,,32814161,7867222,34984794,,33064379,,
641,,,,32813141,8071761,34984560,,33062710,,
642,,,,32812896,8200980,34984225,,33058802,,
643,,,,32811162,8177054,34984172,,33054508,,
644,,,,32804540,8141143,34984012,,33053547,,
645,,,,32797181,8112190,34983771,,33053398,,
646,,,,32796694,8052442,34983625,,33046070,,
647,,,,32791151,8046546,34983355,,33039650,,
648,,,,32788622,8415772,34983210,,33037887,,
649,,,,32788328,8145651,34983124,,33037171,,
650,,,,32787917,8131964,34982999,,33027748,,
651,,,,32786521,7687210,34982020,,33027293,,
652,,,,32786125,8082998,34981743,,33026143,,
653,,,,32784009,8421693,34981726,,33026047,,
654,,,,32783421,8360796,34981531,,33023987,,
655,,,,32783418,1488094,34981526,,33021708,,
656,,,,32781674,1443120,34981503,,33012112,,
657,,,,32776826,1382616,34981499,,33008359,,
658,,,,32774333,1279445,34981492,,32999403,,
659,,,,32774120,1539646,34981475,,32998751,,
660,,,,32772239,1538641,34981470,,32998742,,
661,,,,32768960,1490680,34981123,,32998143,,
662,,,,32764293,1345575,34980192,,32996325,,
663,,,,32745464,1337713,34979879,,32996085,,
664,,,,32740593,1295773,34978779,,32995893,,
665,,,,32738338,1872668,34977421,,32994159,,
666,,,,32735904,1717786,34976509,,32991776,,
667,,,,32735903,2010051,34976508,,32986722,,
668,,,,32732889,1906797,34976402,,32985540,,
669,,,,32729431,1851071,34976136,,32980790,,
670,,,,32728894,1802476,34975749,,32977298,,
671,,,,32727727,1701300,34975223,,32974732,,
672,,,,32727496,2134065,34975134,,32971190,,
673,,,,32723090,2148079,34974570,,32971040,,
674,,,,32722955,2167002,34974299,,32969198,,
675,,,,32722799,2143390,34974166,,32966971,,
676,,,,32720751,1968373,34973981,,32964683,,
677,,,,32715794,1690262,34973648,,32963061,,
678,,,,32712576,2239475,34973337,,32960425,,
679,,,,32711583,,34972146,,32955899,,
680,,,,32708290,,34972124,,32955768,,
681,,,,32705235,,34971391,,32955366,,
682,,,,32694640,,34970629,,32948670,,
683,,,,32693033,,34970582,,32948397,,
684,,,,32688084,,34970545,,32946821,,
685,,,,32680569,,34970515,,32938820,,
686,,,,32674735,,34970417,,32938746,,
687,,,,32674727,,34970224,,32931667,,
688,,,,32665774,,34970223,,32928746,,
689,,,,32661705,,34970150,,32923458,,
690,,,,32661238,,34969688,,32921312,,
691,,,,32659616,,34969354,,32919068,,
692,,,,32657172,,34968873,,32917052,,
693,,,,32654608,,34967935,,32912850,,
694,,,,32653096,,34967298,,32908935,,
695,,,,32650831,,34967205,,32908199,,
696,,,,32640954,,34967200,,32902577,,
697,,,,32640254,,34966388,,32901912,,
698,,,,32635750,,34966211,,32901903,,
699,,,,32635492,,34966201,,32899608,,
700,,,,32631094,,34966151,,32895144,,
701,,,,32631004,,34965646,,32888790,,
702,,,,32627000,,34965370,,32887710,,
703,,,,32626978,,34964748,,32886190,,
704,,,,32626946,,34964705,,32884031,,
705,,,,32625203,,34964440,,32883156,,
706,,,,32623429,,34961627,,32879938,,
707,,,,32622012,,34961464,,32877652,,
708,,,,32619172,,34961417,,32875989,,
709,,,,32616867,,34960104,,32866995,,
710,,,,32613556,,34960064,,32866540,,
711,,,,32602814,,34960047,,32864910,,
712,,,,32602547,,34960025,,32862755,,
713,,,,32600435,,34960022,,32862232,,
714,,,,32598925,,34959996,,32856800,,
715,,,,32595096,,34959932,,32855824,,
716,,,,32593830,,34959870,,32846191,,
717,,,,32591734,,34959828,,32845571,,
718,,,,32590005,,34959760,,32844790,,
719,,,,32589498,,34959746,,32843569,,
720,,,,32585189,,34959419,,32839405,,
721,,,,32584384,,34959394,,32836004,,
722,,,,32578587,,34959363,,32833935,,
723,,,,32577714,,34959250,,32831162,,
724,,,,32573116,,34959126,,32827692,,
725,,,,32567025,,34958683,,32827591,,
726,,,,32564022,,34957934,,32821489,,
727,,,,32559663,,34957857,,32819303,,
728,,,,32554039,,34957519,,32815641,,
729,,,,32547010,,34957493,,32815104,,
730,,,,32539744,,34957476,,32811874,,
731,,,,32531327,,34957200,,32803900,,
732,,,,32529845,,34957094,,32803882,,
733,,,,32525972,,34956580,,32802891,,
734,,,,32518264,,34956527,,32802494,,
735,,,,32513257,,34956455,,32798471,,
736,,,,32512056,,34956095,,32795256,,
737,,,,32507032,,34956089,,32792565,,
738,,,,32505856,,34955862,,32788282,,
739,,,,32504834,,34955306,,32783254,,
740,,,,32504826,,34955004,,32782774,,
741,,,,32504038,,34954856,,32781868,,
742,,,,32502517,,34954531,,32777157,,
743,,,,32497630,,34954485,,32776785,,
744,,,,32496978,,34953916,,32775824,,
745,,,,32496693,,34953068,,32770527,,
746,,,,32493065,,34952888,,32765046,,
747,,,,32491361,,34952840,,32752179,,
748,,,,32492069,,34952629,,32751643,,
749,,,,32488606,,34952579,,32749580,,
750,,,,32488445,,34951928,,32748608,,
751,,,,32485785,,34951678,,32746907,,
752,,,,32485637,,34951369,,32744354,,
753,,,,32484502,,34951366,,32736957,,
754,,,,32484226,,34951149,,32736891,,
755,,,,32482028,,34950996,,32734525,,
756,,,,32473741,,34950964,,32734506,,
757,,,,32473205,,34950104,,32732288,,
758,,,,32473079,,34949756,,32728893,,
759,,,,32472420,,34949290,,32727401,,
760,,,,32472172,,34949164,,32723296,,
761,,,,32464323,,34948468,,32722394,,
762,,,,32461484,,34948369,,32722370,,
763,,,,32460600,,34948265,,32721227,,
764,,,,32455604,,34947993,,32718214,,
765,,,,32454504,,34947937,,32714992,,
766,,,,32453512,,34946771,,32708046,,
767,,,,32453069,,34945773,,32707221,,
768,,,,32452251,,34945244,,32701116,,
769,,,,32446842,,34945126,,32698776,,
770,,,,32445922,,34945075,,32694216,,
771,,,,32442586,,34945016,,32685560,,
772,,,,32434772,,34944682,,32685522,,
773,,,,32433566,,34944536,,32682403,,
774,,,,32429696,,34944525,,32677311,,
775,,,,32429690,,34944478,,32676482,,
776,,,,32429094,,34944092,,32671918,,
777,,,,32428597,,34943978,,32669954,,
778,,,,32427087,,34943951,,32665314,,
779,,,,32425976,,34943836,,32664896,,
780,,,,32424527,,34943716,,32663832,,
781,,,,32423083,,34943350,,32663799,,
782,,,,32421255,,34943248,,32662605,,
783,,,,32417374,,34943221,,32662297,,
784,,,,32415508,,34942949,,32662255,,
785,,,,32411136,,34942529,,32662254,,
786,,,,32407725,,34942154,,32661111,,
787,,,,32404351,,34941464,,32660971,,
788,,,,32402554,,34941042,,32660469,,
789,,,,32399050,,34941035,,32659991,,
790,,,,32398852,,34940595,,32657529,,
791,,,,32397788,,34940565,,32655044,,
792,,,,32393053,,34940563,,32653382,,
793,,,,32387619,,34940547,,32649633,,
794,,,,32385771,,34940355,,32647049,,
795,,,,32384753,,34939558,,32646765,,
796,,,,32384406,,34939546,,32644314,,
797,,,,32383527,,34939534,,32643269,,
798,,,,32367734,,34939442,,32641227,,
799,,,,32366079,,34938667,,32640726,,
800,,,,32362552,,34938542,,32631266,,
801,,,,32361904,,34938295,,32623690,,
802,,,,32361867,,34938272,,32619949,,
803,,,,32361803,,34938192,,32618386,,
804,,,,32361681,,34938090,,32614772,,
805,,,,32358022,,34938041,,32612375,,
806,,,,32357914,,34937641,,32609422,,
807,,,,32351973,,34937562,,32605211,,
808,,,,32350452,,34937537,,32602275,,
809,,,,32349686,,34937509,,32601398,,
810,,,,32349080,,34936987,,32600374,,
811,,,,32348539,,34936668,,32596393,,
812,,,,32348537,,34936305,,32594372,,
813,,,,32342244,,34936128,,32591819,,
814,,,,32340535,,34935935,,32590129,,
815,,,,32339463,,34935613,,32589856,,
816,,,,32332536,,34934970,,32587866,,
817,,,,32327442,,34934668,,32586178,,
818,,,,32324828,,34934444,,32579811,,
819,,,,32320570,,34934126,,32577198,,
820,,,,32319515,,34934084,,32576750,,
821,,,,32319024,,34933872,,32576647,,
822,,,,32315545,,34933871,,32576039,,
823,,,,32311288,,34933870,,32571697,,
824,,,,32308759,,34933846,,32569700,,
825,,,,32306097,,34933730,,32567559,,
826,,,,32305816,,34933708,,32564139,,
827,,,,32303758,,34933349,,32561454,,
828,,,,32303499,,34932675,,32555308,,
829,,,,32295566,,34931981,,32549781,,
830,,,,32295394,,34931403,,32548701,,
831,,,,32295112,,34931295,,32545899,,
832,,,,32294623,,34930438,,32540546,,
833,,,,32293147,,34929746,,32539802,,
834,,,,32291737,,34929674,,32534578,,
835,,,,32290826,,34929379,,32533906,,
836,,,,32290541,,34929050,,32532223,,
837,,,,32286941,,34929019,,32531041,,
838,,,,32286000,,34928447,,32527663,,
839,,,,32281001,,34928108,,32524865,,
840,,,,32279771,,34927282,,32518870,,
841,,,,32278010,,34926913,,32515706,,
842,,,,32277954,,34926582,,32509881,,
843,,,,32274893,,34925865,,32503809,,
844,,,,32274583,,34925790,,32500786,,
845,,,,32272010,,34925661,,32499177,,
846,,,,32268240,,34925590,,32493335,,
847,,,,32268198,,34925562,,32491086,,
848,,,,32268017,,34925525,,32489427,,
849,,,,32265201,,34925317,,32487760,,
850,,,,32260544,,34925210,,32487562,,
851,,,,32259534,,34924455,,32475840,,
852,,,,32256949,,34924277,,32475820,,
853,,,,32256028,,34924162,,32475064,,
854,,,,32253108,,34924015,,32471819,,
855,,,,32252674,,34923587,,32467389,,
856,,,,32252105,,34923463,,32462538,,
857,,,,32247542,,34923429,,32458209,,
858,,,,32243878,,34923339,,32457669,,
859,,,,32235347,,34923235,,32457057,,
860,,,,32232681,,34922690,,32457053,,
861,,,,32229538,,34922687,,32453474,,
862,,,,32228517,,34922686,,32450794,,
863,,,,32228292,,34922685,,32446799,,
864,,,,32226551,,34922608,,32444457,,
865,,,,32226549,,34922198,,32442556,,
866,,,,32225130,,34921531,,32440788,,
867,,,,32223319,,34921530,,32435919,,
868,,,,32221724,,34921520,,32430512,,
869,,,,32221237,,34920734,,32429854,,
870,,,,32216291,,34920463,,32425885,,
871,,,,32215271,,34920404,,32416695,,
872,,,,32211907,,34920110,,32410703,,
873,,,,32211904,,34920066,,32403968,,
874,,,,32209344,,34920001,,32398098,,
875,,,,32209341,,34919901,,32394523,,
876,,,,32206122,,34919176,,32388532,,
877,,,,32202305,,34918725,,32388325,,
878,,,,32196041,,34918690,,32387619,,
879,,,,32190703,,34918332,,32387023,,
880,,,,32190702,,34917917,,32380961,,
881,,,,32186940,,34917685,,32380406,,
882,,,,32186933,,34917536,,32370489,,
883,,,,32183899,,34917366,,32366163,,
884,,,,32181615,,34917355,,32361867,,
885,,,,32172067,,34917235,,32354987,,
886,,,,32170840,,34917033,,32350172,,
887,,,,32169861,,34917025,,32349995,,
888,,,,32168435,,34916823,,32349898,,
889,,,,32157499,,34916585,,32348695,,
890,,,,32151266,,34916147,,32342933,,
891,,,,32150340,,34915505,,32341356,,
892,,,,32145440,,34914848,,32340535,,
893,,,,32139595,,34914039,,32339220,,
894,,,,32133960,,34913819,,32337292,,
895,,,,32131432,,34912824,,32337271,,
896,,,,32131127,,34912543,,32336487,,
897,,,,32130969,,34912428,,32335098,,
898,,,,32130518,,34912392,,32329160,,
899,,,,32126745,,34912391,,32327421,,
900,,,,32124076,,34912302,,32324828,,
901,,,,32117292,,34912300,,32317303,,
902,,,,32117058,,34912298,,32316910,,
903,,,,32115886,,34912295,,32316750,,
904,,,,32114709,,34912223,,32314169,,
905,,,,32114640,,34912046,,32309450,,
906,,,,32111734,,34912022,,32306296,,
907,,,,32108920,,34911880,,32306246,,
908,,,,32098898,,34911481,,32304131,,
909,,,,32095186,,34911431,,32301490,,
910,,,,32087298,,34911384,,32301044,,
911,,,,32084282,,34909956,,32297376,,
912,,,,32084272,,34909683,,32294484,,
913,,,,32083455,,34909495,,32293323,,
914,,,,32082648,,34909343,,32291270,,
915,,,,32077907,,34909309,,32279514,,
916,,,,32071320,,34909088,,32277955,,
917,,,,32070413,,34909039,,32275055,,
918,,,,32070176,,34907913,,32271842,,
919,,,,32053260,,34907912,,32271379,,
920,,,,32035919,,34907818,,32270254,,
921,,,,32031980,,34907632,,32269434,,
922,,,,32030812,,34907604,,32268770,,
923,,,,32020843,,34907592,,32267880,,
924,,,,32019187,,34907285,,32267348,,
925,,,,32015240,,34907199,,32259821,,
926,,,,32012726,,34906538,,32259661,,
927,,,,32012450,,34906345,,32255680,,
928,,,,32005079,,34906343,,32255371,,
929,,,,32005066,,34905533,,32250539,,
930,,,,31999937,,34904793,,32245781,,
931,,,,31999300,,34903927,,32245423,,
932,,,,31998798,,34903856,,32243043,,
933,,,,31992364,,34903661,,32240965,,
934,,,,31986419,,34902439,,32238473,,
935,,,,31985637,,34902188,,32236732,,
936,,,,31983226,,34902085,,32230859,,
937,,,,31982427,,34902076,,32223381,,
938,,,,31982388,,34902071,,32219798,,
939,,,,31978475,,34902069,,32215271,,
940,,,,31976335,,34902065,,32214072,,
941,,,,31968349,,34902055,,32209792,,
942,,,,31967622,,34901926,,32208051,,
943,,,,31962110,,34900818,,32206483,,
944,,,,31961224,,34900804,,32205326,,
945,,,,31960130,,34900801,,32203453,,
946,,,,31957495,,34900798,,32203207,,
947,,,,31955977,,34900792,,32201120,,
948,,,,31951761,,34900790,,32198286,,
949,,,,31950333,,34900775,,32188813,,
950,,,,31948746,,34900770,,32188410,,
951,,,,31943249,,34900195,,32187911,,
952,,,,31939247,,34899936,,32185232,,
953,,,,31939243,,34899702,,32183005,,
954,,,,31937122,,34899610,,32182614,,
955,,,,31932092,,34899592,,32180436,,
956,,,,31930145,,34899576,,32176052,,
957,,,,31927945,,34899339,,32173293,,
958,,,,31924543,,34899278,,32167139,,
959,,,,31920286,,34898883,,32165691,,
960,,,,31919773,,34898373,,32164494,,
961,,,,31917731,,34898300,,32161053,,
962,,,,31915155,,34897854,,32159582,,
963,,,,31914666,,34897418,,32153499,,
964,,,,31914437,,34897341,,32152147,,
965,,,,31913306,,34897013,,32152136,,
966,,,,31912161,,34896920,,32149469,,
967,,,,31907990,,34896919,,32147922,,
968,,,,31904267,,34896656,,32147762,,
969,,,,31902470,,34896263,,32147060,,
970,,,,31902231,,34895977,,32144168,,
971,,,,31900869,,34895017,,32143585,,
972,,,,31900831,,34894232,,32142359,,
973,,,,31893949,,34893931,,32139245,,
974,,,,31890662,,34893552,,32138474,,
975,,,,31889543,,34893413,,32135136,,
976,,,,34705406,,34893351,,32132382,,
977,,,,31885185,,34892339,,32132141,,
978,,,,31884526,,34892175,,32130651,,
979,,,,31882614,,34891678,,32130282,,
980,,,,31879991,,34891643,,32129464,,
981,,,,31878962,,34891642,,32129213,,
982,,,,31878889,,34891578,,32127333,,
983,,,,31877222,,34891563,,32125000,,
984,,,,31873786,,34891542,,32115853,,
985,,,,31868944,,34891213,,32115517,,
986,,,,31867895,,34891212,,32111192,,
987,,,,31866994,,34891123,,32104788,,
988,,,,31866580,,34890729,,32104127,,
989,,,,31860985,,34890648,,32099032,,
990,,,,31860633,,34889226,,32098859,,
991,,,,31856493,,34889064,,32097995,,
992,,,,31852613,,34888628,,32095345,,
993,,,,31852458,,34888323,,32095186,,
994,,,,31848994,,34888081,,32092242,,
995,,,,31847264,,34888010,,32090121,,
996,,,,31844165,,34888009,,32084231,,
997,,,,31829753,,34887659,,32083962,,
998,,,,31825949,,34887631,,32083616,,
999,,,,31815879,,34887185,,32082423,,
1000,,,,,,,,,,
1001,,,,,,,,,,
1002,,,,,,,,,,
1003,,,,,,,,,,
1004,,,,,,,,,,
1005,,,,,,,,,,
1006,,,,,,,,,,
1007,,,,,,,,,,
1008,,,,,,,,,,
1009,,,,,,,,,,
1010,,,,,,,,,,
1011,,,,,,,,,,
1012,,,,,,,,,,
1013,,,,,,,,,,
1014,,,,,,,,,,
1015,,,,,,,,,,
1016,,,,,,,,,,
1017,,,,,,,,,,
1018,,,,,,,,,,
1019,,,,,,,,,,
1020,,,,,,,,,,
1021,,,,,,,,,,
1022,,,,,,,,,,
1023,,,,,,,,,,
1024,,,,,,,,,,
1025,,,,,,,,,,
1026,,,,,,,,,,
1027,,,,,,,,,,
1028,,,,,,,,,,
1029,,,,,,,,,,
1030,,,,,,,,,,
1031,,,,,,,,,,
1032,,,,,,,,,,
1033,,,,,,,,,,
1034,,,,,,,,,,
1035,,,,,,,,,,
1036,,,,,,,,,,
1037,,,,,,,,,,
1038,,,,,,,,,,
1039,,,,,,,,,,
1040,,,,,,,,,,
1041,,,,,,,,,,
1042,,,,,,,,,,
1043,,,,,,,,,,
1044,,,,,,,,,,
1045,,,,,,,,,,
1046,,,,,,,,,,
1047,,,,,,,,,,
1048,,,,,,,,,,
1049,,,,,,,,,,
1050,,,,,,,,,,
1051,,,,,,,,,,
1052,,,,,,,,,,
1053,,,,,,,,,,
1054,,,,,,,,,,
1055,,,,,,,,,,
1056,,,,,,,,,,
1057,,,,,,,,,,
1058,,,,,,,,,,
1059,,,,,,,,,,
1060,,,,,,,,,,
1061,,,,,,,,,,
1062,,,,,,,,,,
1063,,,,,,,,,,
1064,,,,,,,,,,
1065,,,,,,,,,,
1066,,,,,,,,,,
1067,,,,,,,,,,
1068,,,,,,,,,,
1069,,,,,,,,,,
1070,,,,,,,,,,
1071,,,,,,,,,,
1072,,,,,,,,,,
1073,,,,,,,,,,
1074,,,,,,,,,,
1075,,,,,,,,,,
1076,,,,,,,,,,
1077,,,,,,,,,,
1078,,,,,,,,,,
1079,,,,,,,,,,
1080,,,,,,,,,,
1081,,,,,,,,,,
1082,,,,,,,,,,
1083,,,,,,,,,,
1084,,,,,,,,,,
1085,,,,,,,,,,
1086,,,,,,,,,,
1087,,,,,,,,,,
1088,,,,,,,,,,
1089,,,,,,,,,,
1090,,,,,,,,,,
1091,,,,,,,,,,
1092,,,,,,,,,,
1093,,,,,,,,,,
1094,,,,,,,,,,
1095,,,,,,,,,,
1096,,,,,,,,,,
1097,,,,,,,,,,
1098,,,,,,,,,,
1099,,,,,,,,,,
1100,,,,,,,,,,
1101,,,,,,,,,,
1102,,,,,,,,,,
1103,,,,,,,,,,
1104,,,,,,,,,,
1105,,,,,,,,,,
1106,,,,,,,,,,
1107,,,,,,,,,,
1108,,,,,,,,,,
1109,,,,,,,,,,
1110,,,,,,,,,,
1111,,,,,,,,,,
1112,,,,,,,,,,
1113,,,,,,,,,,
1114,,,,,,,,,,
1115,,,,,,,,,,
1116,,,,,,,,,,
1117,,,,,,,,,,
1118,,,,,,,,,,
1119,,,,,,,,,,
1120,,,,,,,,,,
1121,,,,,,,,,,
1122,,,,,,,,,,
1123,,,,,,,,,,
1124,,,,,,,,,,
1125,,,,,,,,,,
1126,,,,,,,,,,
1127,,,,,,,,,,
1128,,,,,,,,,,
1129,,,,,,,,,,
1130,,,,,,,,,,
1131,,,,,,,,,,
1132,,,,,,,,,,
1133,,,,,,,,,,
1134,,,,,,,,,,
1135,,,,,,,,,,
1136,,,,,,,,,,
1137,,,,,,,,,,
1138,,,,,,,,,,
1139,,,,,,,,,,
1140,,,,,,,,,,
1141,,,,,,,,,,
1142,,,,,,,,,,
1143,,,,,,,,,,
1144,,,,,,,,,,
1145,,,,,,,,,,
1146,,,,,,,,,,
1147,,,,,,,,,,
1148,,,,,,,,,,
1149,,,,,,,,,,
1150,,,,,,,,,,
1151,,,,,,,,,,
1152,,,,,,,,,,
1153,,,,,,,,,,
1154,,,,,,,,,,
1155,,,,,,,,,,
1156,,,,,,,,,,
1157,,,,,,,,,,
1158,,,,,,,,,,
1159,,,,,,,,,,
1160,,,,,,,,,,
1161,,,,,,,,,,
1162,,,,,,,,,,
1163,,,,,,,,,,
1164,,,,,,,,,,
1165,,,,,,,,,,
1166,,,,,,,,,,
1167,,,,,,,,,,
1168,,,,,,,,,,
1169,,,,,,,,,,
1170,,,,,,,,,,
1171,,,,,,,,,,
1172,,,,,,,,,,
1173,,,,,,,,,,
1174,,,,,,,,,,
1175,,,,,,,,,,
1176,,,,,,,,,,
1177,,,,,,,,,,
1178,,,,,,,,,,
1179,,,,,,,,,,
1180,,,,,,,,,,
1181,,,,,,,,,,
1182,,,,,,,,,,
1183,,,,,,,,,,
1184,,,,,,,,,,
1185,,,,,,,,,,
1186,,,,,,,,,,
1187,,,,,,,,,,
1188,,,,,,,,,,
1189,,,,,,,,,,
1190,,,,,,,,,,
1191,,,,,,,,,,
1192,,,,,,,,,,
1193,,,,,,,,,,
1194,,,,,,,,,,
1195,,,,,,,,,,
1196,,,,,,,,,,
1197,,,,,,,,,,
1198,,,,,,,,,,
1199,,,,,,,,,,
1200,,,,,,,,,,
1201,,,,,,,,,,
1202,,,,,,,,,,
1203,,,,,,,,,,
1204,,,,,,,,,,
1205,,,,,,,,,,
1206,,,,,,,,,,
1207,,,,,,,,,,
1208,,,,,,,,,,
1209,,,,,,,,,,
1210,,,,,,,,,,
1211,,,,,,,,,,
1212,,,,,,,,,,
1213,,,,,,,,,,
1214,,,,,,,,,,
1215,,,,,,,,,,
1216,,,,,,,,,,
1217,,,,,,,,,,
1218,,,,,,,,,,
1219,,,,,,,,,,
1220,,,,,,,,,,
1221,,,,,,,,,,
1222,,,,,,,,,,
1223,,,,,,,,,,
1224,,,,,,,,,,
1225,,,,,,,,,,
1226,,,,,,,,,,
1227,,,,,,,,,,
1228,,,,,,,,,,
1229,,,,,,,,,,
1230,,,,,,,,,,
1231,,,,,,,,,,
1232,,,,,,,,,,
1233,,,,,,,,,,
1234,,,,,,,,,,
1235,,,,,,,,,,
1236,,,,,,,,,,
1237,,,,,,,,,,
1238,,,,,,,,,,
1239,,,,,,,,,,
1240,,,,,,,,,,
1241,,,,,,,,,,
1242,,,,,,,,,,
1243,,,,,,,,,,
1244,,,,,,,,,,
1245,,,,,,,,,,
1246,,,,,,,,,,
1247,,,,,,,,,,
1248,,,,,,,,,,
1249,,,,,,,,,,
1250,,,,,,,,,,
1251,,,,,,,,,,
1252,,,,,,,,,,
1253,,,,,,,,,,
1254,,,,,,,,,,
1255,,,,,,,,,,
1256,,,,,,,,,,
1257,,,,,,,,,,
1258,,,,,,,,,,
1259,,,,,,,,,,
1260,,,,,,,,,,
1261,,,,,,,,,,
1262,,,,,,,,,,
1263,,,,,,,,,,
1264,,,,,,,,,,
1265,,,,,,,,,,
1266,,,,,,,,,,
1267,,,,,,,,,,
1268,,,,,,,,,,
1269,,,,,,,,,,
1270,,,,,,,,,,
1271,,,,,,,,,,
1272,,,,,,,,,,
1273,,,,,,,,,,
1274,,,,,,,,,,
1275,,,,,,,,,,
1276,,,,,,,,,,
1277,,,,,,,,,,
1278,,,,,,,,,,
1279,,,,,,,,,,
1280,,,,,,,,,,
1281,,,,,,,,,,
1282,,,,,,,,,,
1283,,,,,,,,,,
1284,,,,,,,,,,
1285,,,,,,,,,,
1286,,,,,,,,,,
1287,,,,,,,,,,
1288,,,,,,,,,,
1289,,,,,,,,,,
1290,,,,,,,,,,
1291,,,,,,,,,,
1292,,,,,,,,,,
1293,,,,,,,,,,
1294,,,,,,,,,,
1295,,,,,,,,,,
1296,,,,,,,,,,
1297,,,,,,,,,,
1298,,,,,,,,,,
1299,,,,,,,,,,
1300,,,,,,,,,,
1301,,,,,,,,,,
1302,,,,,,,,,,
1303,,,,,,,,,,
1304,,,,,,,,,,
1305,,,,,,,,,,
1306,,,,,,,,,,
1307,,,,,,,,,,
1308,,,,,,,,,,
1309,,,,,,,,,,
1310,,,,,,,,,,
1311,,,,,,,,,,
1312,,,,,,,,,,
1313,,,,,,,,,,
1314,,,,,,,,,,
1315,,,,,,,,,,
1316,,,,,,,,,,
1317,,,,,,,,,,
1318,,,,,,,,,,
1319,,,,,,,,,,
1320,,,,,,,,,,
1321,,,,,,,,,,
1322,,,,,,,,,,
1323,,,,,,,,,,
1324,,,,,,,,,,
1325,,,,,,,,,,
1326,,,,,,,,,,
1327,,,,,,,,,,
1328,,,,,,,,,,
1329,,,,,,,,,,
1330,,,,,,,,,,
1331,,,,,,,,,,
1332,,,,,,,,,,
1333,,,,,,,,,,
1334,,,,,,,,,,
1335,,,,,,,,,,
1336,,,,,,,,,,
1337,,,,,,,,,,
1338,,,,,,,,,,
1339,,,,,,,,,,
1340,,,,,,,,,,
1341,,,,,,,,,,
1342,,,,,,,,,,
1343,,,,,,,,,,
1344,,,,,,,,,,
1345,,,,,,,,,,
1346,,,,,,,,,,
1347,,,,,,,,,,
1348,,,,,,,,,,
1349,,,,,,,,,,
1350,,,,,,,,,,
1351,,,,,,,,,,
1352,,,,,,,,,,
1353,,,,,,,,,,
1354,,,,,,,,,,
1355,,,,,,,,,,
1356,,,,,,,,,,
1357,,,,,,,,,,
1358,,,,,,,,,,
1359,,,,,,,,,,
1360,,,,,,,,,,
1361,,,,,,,,,,
1362,,,,,,,,,,
1363,,,,,,,,,,
1364,,,,,,,,,,
1365,,,,,,,,,,
1366,,,,,,,,,,
1367,,,,,,,,,,
1368,,,,,,,,,,
1369,,,,,,,,,,
1370,,,,,,,,,,
1371,,,,,,,,,,
1372,,,,,,,,,,
1373,,,,,,,,,,
1374,,,,,,,,,,
1375,,,,,,,,,,
1376,,,,,,,,,,
1377,,,,,,,,,,
1378,,,,,,,,,,
1379,,,,,,,,,,
1380,,,,,,,,,,
1381,,,,,,,,,,
1382,,,,,,,,,,
1383,,,,,,,,,,
1384,,,,,,,,,,
1385,,,,,,,,,,
1386,,,,,,,,,,
1387,,,,,,,,,,
1388,,,,,,,,,,
1389,,,,,,,,,,
1390,,,,,,,,,,
1391,,,,,,,,,,
1392,,,,,,,,,,
1393,,,,,,,,,,
1394,,,,,,,,,,
1395,,,,,,,,,,
1396,,,,,,,,,,
1397,,,,,,,,,,
1398,,,,,,,,,,
1399,,,,,,,,,,
1400,,,,,,,,,,
1401,,,,,,,,,,
1402,,,,,,,,,,
1403,,,,,,,,,,
1404,,,,,,,,,,
1405,,,,,,,,,,
1406,,,,,,,,,,
1407,,,,,,,,,,
1408,,,,,,,,,,
1409,,,,,,,,,,
1410,,,,,,,,,,
1411,,,,,,,,,,
1412,,,,,,,,,,
1413,,,,,,,,,,
1414,,,,,,,,,,
1415,,,,,,,,,,
1416,,,,,,,,,,
1417,,,,,,,,,,
1418,,,,,,,,,,
1419,,,,,,,,,,
1420,,,,,,,,,,
1421,,,,,,,,,,
1422,,,,,,,,,,
1423,,,,,,,,,,
1424,,,,,,,,,,
1425,,,,,,,,,,
1426,,,,,,,,,,
1427,,,,,,,,,,
1428,,,,,,,,,,
1429,,,,,,,,,,
1430,,,,,,,,,,
1431,,,,,,,,,,
1432,,,,,,,,,,
1433,,,,,,,,,,
1434,,,,,,,,,,
1435,,,,,,,,,,
1436,,,,,,,,,,
1437,,,,,,,,,,
1438,,,,,,,,,,
1439,,,,,,,,,,
1440,,,,,,,,,,
1441,,,,,,,,,,
1442,,,,,,,,,,
1443,,,,,,,,,,
1444,,,,,,,,,,
1445,,,,,,,,,,
1446,,,,,,,,,,
1447,,,,,,,,,,
1448,,,,,,,,,,
1449,,,,,,,,,,
1450,,,,,,,,,,
1451,,,,,,,,,,
1452,,,,,,,,,,
1453,,,,,,,,,,
1454,,,,,,,,,,
1455,,,,,,,,,,
1456,,,,,,,,,,
1457,,,,,,,,,,
1458,,,,,,,,,,
1459,,,,,,,,,,
1460,,,,,,,,,,
1461,,,,,,,,,,
1462,,,,,,,,,,
1463,,,,,,,,,,
1464,,,,,,,,,,
1465,,,,,,,,,,
1466,,,,,,,,,,
1467,,,,,,,,,,
1468,,,,,,,,,,
1469,,,,,,,,,,
1470,,,,,,,,,,
1471,,,,,,,,,,
1472,,,,,,,,,,
1473,,,,,,,,,,
1474,,,,,,,,,,
1475,,,,,,,,,,
1476,,,,,,,,,,
1477,,,,,,,,,,
1478,,,,,,,,,,
1479,,,,,,,,,,
1480,,,,,,,,,,
1481,,,,,,,,,,
1482,,,,,,,,,,
1483,,,,,,,,,,
1484,,,,,,,,,,
1485,,,,,,,,,,
1486,,,,,,,,,,
1487,,,,,,,,,,
1488,,,,,,,,,,
1489,,,,,,,,,,
1490,,,,,,,,,,
1491,,,,,,,,,,
1492,,,,,,,,,,
1493,,,,,,,,,,
1494,,,,,,,,,,
1495,,,,,,,,,,
1496,,,,,,,,,,
1497,,,,,,,,,,
1498,,,,,,,,,,
1499,,,,,,,,,,
1500,,,,,,,,,,
1501,,,,,,,,,,
1502,,,,,,,,,,
1503,,,,,,,,,,
1504,,,,,,,,,,
1505,,,,,,,,,,
1506,,,,,,,,,,
1507,,,,,,,,,,
1508,,,,,,,,,,
1509,,,,,,,,,,
1510,,,,,,,,,,
1511,,,,,,,,,,
1512,,,,,,,,,,
1513,,,,,,,,,,
1514,,,,,,,,,,
1515,,,,,,,,,,
1516,,,,,,,,,,
1517,,,,,,,,,,
1518,,,,,,,,,,
1519,,,,,,,,,,
1520,,,,,,,,,,
1521,,,,,,,,,,
1522,,,,,,,,,,
1523,,,,,,,,,,
1524,,,,,,,,,,
1525,,,,,,,,,,
1526,,,,,,,,,,
1527,,,,,,,,,,
1528,,,,,,,,,,
1529,,,,,,,,,,
1530,,,,,,,,,,
1531,,,,,,,,,,
1532,,,,,,,,,,
1533,,,,,,,,,,
1534,,,,,,,,,,
1535,,,,,,,,,,
1536,,,,,,,,,,
1537,,,,,,,,,,
1538,,,,,,,,,,
1539,,,,,,,,,,
1540,,,,,,,,,,
1541,,,,,,,,,,
1542,,,,,,,,,,
1543,,,,,,,,,,
1544,,,,,,,,,,
1545,,,,,,,,,,
1546,,,,,,,,,,
1547,,,,,,,,,,
1548,,,,,,,,,,
1549,,,,,,,,,,
1550,,,,,,,,,,
1551,,,,,,,,,,
1552,,,,,,,,,,
1553,,,,,,,,,,
1554,,,,,,,,,,
1555,,,,,,,,,,
1556,,,,,,,,,,
1557,,,,,,,,,,
1558,,,,,,,,,,
1559,,,,,,,,,,
1560,,,,,,,,,,
1561,,,,,,,,,,
1562,,,,,,,,,,
1563,,,,,,,,,,
1564,,,,,,,,,,
1565,,,,,,,,,,
1566,,,,,,,,,,
1567,,,,,,,,,,
1568,,,,,,,,,,
1569,,,,,,,,,,
1570,,,,,,,,,,
1571,,,,,,,,,,
1572,,,,,,,,,,
1573,,,,,,,,,,
1574,,,,,,,,,,
1575,,,,,,,,,,
1576,,,,,,,,,,
1577,,,,,,,,,,
1578,,,,,,,,,,
1579,,,,,,,,,,
1580,,,,,,,,,,
1581,,,,,,,,,,
1582,,,,,,,,,,
1583,,,,,,,,,,
1584,,,,,,,,,,
1585,,,,,,,,,,
1586,,,,,,,,,,
1587,,,,,,,,,,
1588,,,,,,,,,,
1589,,,,,,,,,,
1590,,,,,,,,,,
1591,,,,,,,,,,
1592,,,,,,,,,,
1593,,,,,,,,,,
1594,,,,,,,,,,
1595,,,,,,,,,,
1596,,,,,,,,,,
1597,,,,,,,,,,
1598,,,,,,,,,,
1599,,,,,,,,,,
1600,,,,,,,,,,
1601,,,,,,,,,,
1602,,,,,,,,,,
1603,,,,,,,,,,
1604,,,,,,,,,,
1605,,,,,,,,,,
1606,,,,,,,,,,
1607,,,,,,,,,,
1608,,,,,,,,,,
1609,,,,,,,,,,
1610,,,,,,,,,,
1611,,,,,,,,,,
1612,,,,,,,,,,
1613,,,,,,,,,,
1614,,,,,,,,,,
1615,,,,,,,,,,
1616,,,,,,,,,,
1617,,,,,,,,,,
1618,,,,,,,,,,
1619,,,,,,,,,,
1620,,,,,,,,,,
1621,,,,,,,,,,
1622,,,,,,,,,,
1623,,,,,,,,,,
1624,,,,,,,,,,
1625,,,,,,,,,,
1626,,,,,,,,,,
1627,,,,,,,,,,
1628,,,,,,,,,,
1629,,,,,,,,,,
1630,,,,,,,,,,
1631,,,,,,,,,,
1632,,,,,,,,,,
1633,,,,,,,,,,
1634,,,,,,,,,,
1635,,,,,,,,,,
1636,,,,,,,,,,
1637,,,,,,,,,,
1638,,,,,,,,,,
1639,,,,,,,,,,
1640,,,,,,,,,,
1641,,,,,,,,,,
1642,,,,,,,,,,
1643,,,,,,,,,,
1644,,,,,,,,,,
1645,,,,,,,,,,
1646,,,,,,,,,,
1647,,,,,,,,,,
1648,,,,,,,,,,
1649,,,,,,,,,,
1650,,,,,,,,,,
1651,,,,,,,,,,
1652,,,,,,,,,,
1653,,,,,,,,,,
1654,,,,,,,,,,
1655,,,,,,,,,,
1656,,,,,,,,,,
1657,,,,,,,,,,
1658,,,,,,,,,,
1659,,,,,,,,,,
1660,,,,,,,,,,
1661,,,,,,,,,,
1662,,,,,,,,,,
1663,,,,,,,,,,
1664,,,,,,,,,,
1665,,,,,,,,,,
1666,,,,,,,,,,
1667,,,,,,,,,,
1668,,,,,,,,,,
1669,,,,,,,,,,
1670,,,,,,,,,,
1671,,,,,,,,,,
1672,,,,,,,,,,
1673,,,,,,,,,,
1674,,,,,,,,,,
1675,,,,,,,,,,
1676,,,,,,,,,,
1677,,,,,,,,,,
1678,,,,,,,,,,
1679,,,,,,,,,,
1680,,,,,,,,,,
1681,,,,,,,,,,
1682,,,,,,,,,,
1683,,,,,,,,,,
1684,,,,,,,,,,
1685,,,,,,,,,,
1686,,,,,,,,,,
1687,,,,,,,,,,
1688,,,,,,,,,,
1689,,,,,,,,,,
1690,,,,,,,,,,
1691,,,,,,,,,,
1692,,,,,,,,,,
1693,,,,,,,,,,
1694,,,,,,,,,,
1695,,,,,,,,,,
1696,,,,,,,,,,
1697,,,,,,,,,,
1698,,,,,,,,,,
1699,,,,,,,,,,
1700,,,,,,,,,,
1701,,,,,,,,,,
1702,,,,,,,,,,
1703,,,,,,,,,,
1704,,,,,,,,,,
1705,,,,,,,,,,
1706,,,,,,,,,,
1707,,,,,,,,,,
1708,,,,,,,,,,
1709,,,,,,,,,,
1710,,,,,,,,,,
1711,,,,,,,,,,
1712,,,,,,,,,,
1713,,,,,,,,,,
1714,,,,,,,,,,
1715,,,,,,,,,,
1716,,,,,,,,,,
1717,,,,,,,,,,
1718,,,,,,,,,,
1719,,,,,,,,,,
1720,,,,,,,,,,
1721,,,,,,,,,,
1722,,,,,,,,,,
1723,,,,,,,,,,
1724,,,,,,,,,,
1725,,,,,,,,,,
1726,,,,,,,,,,
1727,,,,,,,,,,
1728,,,,,,,,,,
1729,,,,,,,,,,
1730,,,,,,,,,,
1731,,,,,,,,,,
1732,,,,,,,,,,
1733,,,,,,,,,,
1734,,,,,,,,,,
1735,,,,,,,,,,
1736,,,,,,,,,,
1737,,,,,,,,,,
1738,,,,,,,,,,
1739,,,,,,,,,,
1740,,,,,,,,,,
1741,,,,,,,,,,
1742,,,,,,,,,,
1743,,,,,,,,,,
1744,,,,,,,,,,
1745,,,,,,,,,,
1746,,,,,,,,,,
1747,,,,,,,,,,
1748,,,,,,,,,,
1749,,,,,,,,,,
1750,,,,,,,,,,
1751,,,,,,,,,,
1752,,,,,,,,,,
1753,,,,,,,,,,
1754,,,,,,,,,,
1755,,,,,,,,,,
1756,,,,,,,,,,
1757,,,,,,,,,,
1758,,,,,,,,,,
1759,,,,,,,,,,
1760,,,,,,,,,,
1761,,,,,,,,,,
1762,,,,,,,,,,
1763,,,,,,,,,,
1764,,,,,,,,,,
1765,,,,,,,,,,
1766,,,,,,,,,,
1767,,,,,,,,,,
1768,,,,,,,,,,
1769,,,,,,,,,,
1770,,,,,,,,,,
1771,,,,,,,,,,
1772,,,,,,,,,,
1773,,,,,,,,,,
1774,,,,,,,,,,
1775,,,,,,,,,,
1776,,,,,,,,,,
1777,,,,,,,,,,
1778,,,,,,,,,,
1779,,,,,,,,,,
1780,,,,,,,,,,
1781,,,,,,,,,,
1782,,,,,,,,,,
1783,,,,,,,,,,
1784,,,,,,,,,,
1785,,,,,,,,,,
1786,,,,,,,,,,
1787,,,,,,,,,,
1788,,,,,,,,,,
1789,,,,,,,,,,
1790,,,,,,,,,,
1791,,,,,,,,,,
1792,,,,,,,,,,
1793,,,,,,,,,,
1794,,,,,,,,,,
1795,,,,,,,,,,
1796,,,,,,,,,,
1797,,,,,,,,,,
1798,,,,,,,,,,
1799,,,,,,,,,,
1800,,,,,,,,,,
1801,,,,,,,,,,
1802,,,,,,,,,,
1803,,,,,,,,,,
1804,,,,,,,,,,
1805,,,,,,,,,,
1806,,,,,,,,,,
1807,,,,,,,,,,
1808,,,,,,,,,,
1809,,,,,,,,,,
1810,,,,,,,,,,
1811,,,,,,,,,,
1812,,,,,,,,,,
1813,,,,,,,,,,
1814,,,,,,,,,,
1815,,,,,,,,,,
1816,,,,,,,,,,
1817,,,,,,,,,,
1818,,,,,,,,,,
1819,,,,,,,,,,
1820,,,,,,,,,,
1821,,,,,,,,,,
1822,,,,,,,,,,
1823,,,,,,,,,,
1824,,,,,,,,,,
1825,,,,,,,,,,
1826,,,,,,,,,,
1827,,,,,,,,,,
1828,,,,,,,,,,
1829,,,,,,,,,,
1830,,,,,,,,,,
1831,,,,,,,,,,
1832,,,,,,,,,,
1833,,,,,,,,,,
1834,,,,,,,,,,
1835,,,,,,,,,,
1836,,,,,,,,,,
1837,,,,,,,,,,
1838,,,,,,,,,,
1839,,,,,,,,,,
1840,,,,,,,,,,
1841,,,,,,,,,,
1842,,,,,,,,,,
1843,,,,,,,,,,
1844,,,,,,,,,,
1845,,,,,,,,,,
1846,,,,,,,,,,
1847,,,,,,,,,,
1848,,,,,,,,,,
1849,,,,,,,,,,
1850,,,,,,,,,,
1851,,,,,,,,,,
1852,,,,,,,,,,
1853,,,,,,,,,,
1854,,,,,,,,,,
1855,,,,,,,,,,
1856,,,,,,,,,,
1857,,,,,,,,,,
1858,,,,,,,,,,
1859,,,,,,,,,,
1860,,,,,,,,,,
1861,,,,,,,,,,
1862,,,,,,,,,,
1863,,,,,,,,,,
1864,,,,,,,,,,
1865,,,,,,,,,,
1866,,,,,,,,,,
1867,,,,,,,,,,
1868,,,,,,,,,,
1869,,,,,,,,,,
1870,,,,,,,,,,
1871,,,,,,,,,,
1872,,,,,,,,,,
1873,,,,,,,,,,
1874,,,,,,,,,,
1875,,,,,,,,,,
1876,,,,,,,,,,
1877,,,,,,,,,,
1878,,,,,,,,,,
1879,,,,,,,,,,
1880,,,,,,,,,,
1881,,,,,,,,,,
1882,,,,,,,,,,
1883,,,,,,,,,,
1884,,,,,,,,,,
1885,,,,,,,,,,
1886,,,,,,,,,,
1887,,,,,,,,,,
1888,,,,,,,,,,
1889,,,,,,,,,,
1890,,,,,,,,,,
1891,,,,,,,,,,
1892,,,,,,,,,,
1893,,,,,,,,,,
1894,,,,,,,,,,
1895,,,,,,,,,,
1896,,,,,,,,,,
1897,,,,,,,,,,
1898,,,,,,,,,,
1899,,,,,,,,,,
1900,,,,,,,,,,
1901,,,,,,,,,,
1902,,,,,,,,,,
1903,,,,,,,,,,
1904,,,,,,,,,,
1905,,,,,,,,,,
1906,,,,,,,,,,
1907,,,,,,,,,,
1908,,,,,,,,,,
1909,,,,,,,,,,
1910,,,,,,,,,,
1911,,,,,,,,,,
1912,,,,,,,,,,
1913,,,,,,,,,,
1914,,,,,,,,,,
1915,,,,,,,,,,
1916,,,,,,,,,,
1917,,,,,,,,,,
1918,,,,,,,,,,
1919,,,,,,,,,,
1920,,,,,,,,,,
1921,,,,,,,,,,
1922,,,,,,,,,,
1923,,,,,,,,,,
1924,,,,,,,,,,
1925,,,,,,,,,,
1926,,,,,,,,,,
1927,,,,,,,,,,
1928,,,,,,,,,,
1929,,,,,,,,,,
1930,,,,,,,,,,
1931,,,,,,,,,,
1932,,,,,,,,,,
1933,,,,,,,,,,
1934,,,,,,,,,,
1935,,,,,,,,,,
1936,,,,,,,,,,
1937,,,,,,,,,,
1938,,,,,,,,,,
1939,,,,,,,,,,
1940,,,,,,,,,,
1941,,,,,,,,,,
1942,,,,,,,,,,
1943,,,,,,,,,,
1944,,,,,,,,,,
1945,,,,,,,,,,
1946,,,,,,,,,,
1947,,,,,,,,,,
1948,,,,,,,,,,
1949,,,,,,,,,,
1950,,,,,,,,,,
1951,,,,,,,,,,
1952,,,,,,,,,,
1953,,,,,,,,,,
1954,,,,,,,,,,
1955,,,,,,,,,,
1956,,,,,,,,,,
1957,,,,,,,,,,
1958,,,,,,,,,,
1959,,,,,,,,,,
1960,,,,,,,,,,
1961,,,,,,,,,,
1962,,,,,,,,,,
1963,,,,,,,,,,
1964,,,,,,,,,,
1965,,,,,,,,,,
1966,,,,,,,,,,
1967,,,,,,,,,,
1968,,,,,,,,,,
1969,,,,,,,,,,
1970,,,,,,,,,,
1971,,,,,,,,,,
1972,,,,,,,,,,
1973,,,,,,,,,,
1974,,,,,,,,,,
1975,,,,,,,,,,
1976,,,,,,,,,,
1977,,,,,,,,,,
1978,,,,,,,,,,
1979,,,,,,,,,,
1980,,,,,,,,,,
1981,,,,,,,,,,
1982,,,,,,,,,,
1983,,,,,,,,,,
1984,,,,,,,,,,
1985,,,,,,,,,,
1986,,,,,,,,,,
1987,,,,,,,,,,
1988,,,,,,,,,,
1989,,,,,,,,,,
1990,,,,,,,,,,
1991,,,,,,,,,,
1992,,,,,,,,,,
1993,,,,,,,,,,
1994,,,,,,,,,,
1995,,,,,,,,,,
1996,,,,,,,,,,
1997,,,,,,,,,,
1998,,,,,,,,,,
1999,,,,,,,,,,
