,PID_HNF3B_PATHWAY,ST_STAT3_PATHWAY,REACTOME_REGULATION_OF_BETA_CELL_DEVELOPMENT,REACTOME_AMYLOIDS,REACTOME_SYNTHESIS_OF_BILE_ACIDS_AND_BILE_SALTS_VIA_7ALPHA_HYDROXYCHOLESTEROL,REACTOME_NITRIC_OXIDE_STIMULATES_GUANYLATE_CYCLASE,REACTOME_ION_CHANNEL_TRANSPORT,REACTOME_GPCR_LIGAND_BINDING,REACTOME_GABA_SYNTHESIS_RELEASE_REUPTAKE_AND_DEGRADATION,REACTOME_PLATELET_CALCIUM_HOMEOSTASIS
0,19521719,35151646,35202987,35167073,35192869,35183996,35199547,35151663,35106626,35202915
1,10868949,35060126,35202915,35164285,35184377,35181349,35190756,35051439,35090949,35200143
2,10868948,34991691,35202848,35153733,35172613,35179568,35185641,34986353,34970582,35198928
3,,34894232,35202251,35133388,35172533,35170653,35173351,34934197,34854403,35192869
4,,34888013,35201937,35133014,35172228,35165832,35167073,34822948,34853204,35192423
5,,34784849,35200708,35131375,35171354,35164615,35158330,34497585,34848753,35189343
6,,34697343,35200621,35104494,35170435,35159267,35152582,34408727,34803693,35187097
7,,34662550,35200143,35104126,35170060,35158330,35146402,34393108,34775536,35187055
8,,34647335,35199981,35086942,35164215,35151650,35091876,34233623,34660890,35185019
9,,34645391,35199547,35074667,35164118,35144596,35027069,34140262,34635547,35184708
10,,34583224,35199402,35069149,35158234,35131328,35017043,34054727,34576151,35181349
11,,34582743,35199097,35060728,35149238,35130556,35016479,34045505,34531242,35180823
12,,34520253,35198947,35056780,35145895,35128870,35008764,34016966,34507389,35180818
13,,34479991,35198924,35055081,35145791,35098884,35004918,34010766,34463268,35178609
14,,34478692,35197086,35024053,35144649,35085251,35001304,33959145,34456865,35177945
15,,34455488,35196519,34999113,35138995,35056557,34999677,33935974,34411554,35174437
16,,34445501,35196393,34987125,35129868,35051439,34997875,33827531,34351930,35172228
17,,34426871,35195595,34973981,35125878,35046891,34955555,33786607,34259856,35171448
18,,34418601,35195497,34969939,35123505,35027069,34939534,33682344,34228132,35170612
19,,34413670,35194770,34967205,35106636,35020253,34925584,33548803,34224699,35169843
20,,34406761,35193925,34961464,35090949,34987053,34925562,33540469,34198047,35167088
21,,34379650,35193889,34951390,35089221,34986201,34922198,33495605,34192533,35166181
22,,34367309,35193565,34951366,35084363,34984919,34902976,33369025,34192532,35165597
23,,34358862,35193549,34941464,35083246,34968466,34900545,33316288,34171158,35164510
24,,34269008,35192934,34941035,35079935,34967205,34898156,33199639,34137614,35160113
25,,34233296,35192869,34912300,35073723,34953892,34884501,33172888,34121140,35158846
26,,34178835,35192641,34904048,35070304,34944536,34880612,33169375,34084316,35158058
27,,34159207,35192472,34896343,35070060,34943979,34872295,33076386,34069494,35153824
28,,34155039,35192435,34883118,35066463,34941461,34868309,33058852,34021044,35151663
29,,34115115,35192202,34882862,35057577,34925317,34866110,32941692,33976218,35147753
30,,34093866,35191851,34877187,35057548,34921520,34853204,32855238,33961038,35145895
31,,34047086,35191202,34861146,35057547,34909039,34837695,32851580,33942947,35145481
32,,34038731,35191145,34852745,35056765,34908254,34831451,32835725,33819123,35142270
33,,34030609,35190756,34842187,35056557,34902976,34803737,32799609,33762728,35142234
34,,33986853,35190649,34836321,35056417,34894721,34791802,32746768,33725349,35142205
35,,33901462,35189652,34835247,35055022,34884571,34775001,32552241,33667789,35141057
36,,33890634,35189450,34834352,35049442,34876807,34768833,32331428,33655822,35135590
37,,33889291,35189343,34830192,35048596,34866923,34761905,32315831,33591592,35131852
38,,33833859,35189271,34822454,35046817,34866110,34758301,32264722,33586634,35129868
39,,33771372,35188819,34796262,35042457,34860003,34754435,32221326,33583387,35127948
40,,33754353,35188692,34794413,35036572,34850455,34748887,32149342,33578063,35126394
41,,33729996,35188486,34784444,35035379,34847261,34722917,32008883,33544126,35125821
42,,33706582,35187269,34780524,35032569,34846311,34718145,32003684,33513174,35122459
43,,33691614,35187175,34769364,35029513,34842377,34715204,31636018,33506043,35115602
44,,33688363,35187097,34759811,35011728,34834352,34709732,31560950,33484985,35115561
45,,33684026,35186985,34759019,35011078,34830301,34706802,31512997,33482284,35114453
46,,33667522,35186929,34757642,35011044,34827584,34705528,31377146,33461311,35114428
47,,33634308,35186868,34753427,35008723,34805733,34684810,31285284,33422385,35114418
48,,33589581,35186519,34749616,35004879,34801936,34684166,31268747,33401897,35111074
49,,33583084,35186330,34749221,35002962,34801028,34681771,31207546,33384599,35110201
50,,33581265,35186190,34746146,35001338,34798872,34677023,31202817,33355280,35108667
51,,33577847,35186138,34725612,35000526,34791802,34656696,31177377,33340245,35107488
52,,33576890,35185642,34715595,34996347,34789923,34651004,30936140,33334741,35101669
53,,33513399,35185641,34692675,34993838,34778397,34636409,30905656,33260799,35098560
54,,33388592,35185617,34649926,34991585,34777519,34633133,30884834,33258801,35098383
55,,33344518,35185578,34601015,34989745,34775989,34623822,30863364,33154641,35097199
56,,33280239,35185561,34580055,34977519,34775001,34616307,30821530,33120406,35096649
57,,33279869,35184708,34577590,34973610,34774864,34614535,30740769,33118231,35091821
58,,33278392,35184403,34570963,34972146,34770868,34586111,30682072,33094483,35089196
59,,33221752,35183996,34569605,34972124,34768610,34572994,30670596,33086238,35088828
60,,33217980,35183646,34562302,34970582,34757311,34563042,30629897,33085977,35087972
61,,33150068,35183675,34561981,34969185,34750411,34553427,30468647,33081674,35086144
62,,33136467,35183493,34551697,34968458,34737025,34536674,30377040,32991782,35081303
63,,33089914,35183150,34551696,34968300,34732637,34523658,30306872,32945450,35080701
64,,33038372,35182638,34551672,34962561,34731136,34523061,30293894,32940971,35079935
65,,32989761,35182061,34537327,34961417,34725563,34519208,30253886,32936427,35077932
66,,32948825,35181287,34528736,34960007,34724845,34517657,30212763,32933604,35076497
67,,32944850,35180824,34524225,34959746,34719613,34513999,30154102,32930074,35073578
68,,32938916,35180818,34518699,34959363,34718145,34511013,30030074,32924743,35072537
69,,32912901,35180254,34512897,34957857,34718103,34510301,30019946,32898581,35071777
70,,32900278,35180212,34507632,34954022,34712738,34506950,32219200,32876659,35071546
71,,32869568,35179821,34499498,34953002,34711151,34502172,29751237,32823525,35070304
72,,32868134,35178616,34498871,34943836,34699845,34500753,29678286,32791211,35069970
73,,32829384,35178031,34489627,34943221,34698244,34500107,29655980,32735526,35069452
74,,32753925,35178024,34485269,34938272,34694755,34496877,29636387,32728119,35069451
75,,32749641,35177945,34481855,34934803,34694316,34486642,29615345,32684454,35069434
76,,32727744,35177917,34480263,34932898,34684166,34480844,29598932,32647958,35069222
77,,32704425,35177883,34478304,34930972,34683334,34474557,29504478,32639288,35068334
78,,32646628,35177470,34454830,34929746,34682638,34467706,29492402,32633792,35067011
79,,32633379,35177456,34454596,34926582,34681771,34463503,29394497,32632564,35066730
80,,32609742,35177222,34439505,34923911,34679685,34444782,29366647,32618136,35065504
81,,32538204,35176083,34433824,34920733,34678590,34443319,29310113,32585235,35060133
82,,32519748,35176079,34425843,34919176,34667196,34441954,31038027,32562571,35060126
83,,32487559,35175701,34422242,34918710,34657443,34440773,29258772,32558194,35059257
84,,32387619,35175551,34420950,34917917,34656062,34440664,29233848,32542873,35058801
85,,32360619,35174638,34399558,34914848,34656024,34433133,29198881,32466541,35058558
86,,32344305,35174437,34396529,34912824,34649814,34426510,29058194,32455083,35057577
87,,32342229,35174024,34393186,34906636,34646376,34420367,28887275,32453131,35057557
88,,32337687,35173531,34391818,34900829,34640445,34403879,28822846,32446885,35057547
89,,32329820,35173190,34380754,34900545,34639032,34390993,28768169,32432213,35056557
90,,32305626,35173034,34370783,34896919,34638608,34384074,28734639,32431505,35056501
91,,32295413,35173001,34366339,34896238,34636302,34381161,28650340,32429883,35055338
92,,32281218,35172998,34360006,34894983,34633133,34378279,28609478,32420005,35055118
93,,32196570,35172924,34355790,34890990,34627985,34373322,28571491,32378786,35054938
94,,32194159,35172533,34354659,34890767,34623822,34372745,28446062,32360619,35054926
95,,32117245,35172460,34354242,34889276,34622023,34371986,28389415,32360099,35054179
96,,32104542,35172361,34333330,34887840,34616307,34367469,28283573,32345589,35054144
97,,32067934,35172268,34329823,34885816,34614417,34360534,28270518,32317837,35052818
98,,32061924,35172228,34322121,34884651,34606853,34359828,28196832,32303808,35052794
99,,32041280,35172091,34319254,34884501,34600076,34352258,27825762,32300272,35052298
100,,32034833,35171528,34318619,34882862,34590907,34314821,27807998,32245525,35051439
101,,32029703,35170612,34313292,34882353,34586111,34313292,27647366,32203940,35049442
102,,31981641,35170486,34311050,34880612,34584542,34311022,27636017,32149328,35049224
103,,31958846,35170415,34309155,34879839,34583200,34308944,27630114,32113946,35049022
104,,31949260,35170237,34283253,34876807,34571964,34302624,27607913,32073352,35048659
105,,31948746,35169690,34280055,34876126,34563749,34291923,27597736,32067247,35048596
106,,31917967,35168986,34263961,34870551,34562212,34283205,27566229,32041431,35048556
107,,31896157,35168605,34261739,34867398,34557552,34278747,27324831,32040849,35048239
108,,31885809,35168530,34256527,34867302,34557160,34274141,27306986,32029481,35045921
109,,31881477,35167937,34245097,34865748,34553653,34273538,27243589,32000097,35045105
110,,31863220,35167194,34242809,34865644,34553427,34269534,27226591,31987254,35043090
111,,31848914,35167190,34237966,34863046,34552783,34265475,27208775,31974731,35040554
112,,31738412,35167073,34231327,34861363,34551059,34260650,27094704,31963438,35032624
113,,31699972,35166506,34227224,34859639,34550407,34260232,27068973,31943235,35032416
114,,31676093,35165548,34210821,34854254,34546322,34259303,27054338,31936646,35032412
115,,31665127,35165525,34187463,34846602,34523658,34248040,26975372,31912189,35029855
116,,31634046,35165331,34175325,34844584,34517793,34245311,26846851,31903671,35029061
117,,31601900,35164795,34170261,34844413,34517657,34244888,26742564,31901745,35027110
118,,31524257,35164510,34168725,34837768,34512884,34243631,26675443,31793266,35026882
119,,31517611,35164285,34151813,34837546,34512170,34241806,26661410,31793229,35024734
120,,31494661,35164215,34145545,34836310,34511578,34240605,26394664,31790682,35022272
121,,31483759,35163573,34137676,34833999,34510301,34234096,26341912,31750562,35021971
122,,31426846,35163410,34131170,34833980,34510273,34224683,26337420,31744781,35020253
123,,31396209,35163316,34120371,34831481,34509488,34216408,26234354,31721613,35020012
124,,31368573,35162052,34119687,34831343,34506950,34214506,26129938,31713358,35017043
125,,31327474,35160113,34118986,34831057,34506695,34212051,26105050,31680832,35012642
126,,31294483,35159301,34118339,34830706,34500753,34211797,25695968,31647926,35011666
127,,31286987,35159155,34112355,34830046,34500647,34186361,25673191,31639839,35011065
128,,31281225,35158892,34088954,34828808,34496877,34182536,25653074,31636084,35010985
129,,31277074,35158846,34079471,34827690,34475701,34176494,25502319,31624742,35010958
130,,31237452,35158824,34070553,34825869,34469050,34157945,25451942,31575566,35010737
131,,31221822,35158393,34069914,34823459,34466798,34149891,25449603,31560762,35008921
132,,31170991,35157499,34047449,34822479,34460827,34148917,25295009,31557143,35008906
133,,31109026,35155683,34044067,34822400,34454930,34128630,25280384,31555354,35008648
134,,31100371,35155441,34032392,34822382,34448864,34128007,25275559,31532493,35008567
135,,31097787,35155044,34029592,34821993,34445519,34120371,25191938,31525611,35008072
136,,31095463,35154494,34027899,34821047,34444782,34119687,25191754,31472216,35007648
137,,30945694,35154005,34024835,34814141,34443451,34116361,25093805,31469302,35006126
138,,30913399,35153733,34024701,34804028,34440664,34113869,25047836,31467926,35004947
139,,30880978,35153496,34018152,34803905,34439553,34099169,24991830,31415764,35004918
140,,30851580,35153417,34016598,34802421,34438036,34097884,24985472,31402754,35003286
141,,30830585,35153251,34015379,34796012,34436259,34092342,24946790,31354243,35002955
142,,30819085,35153111,34012065,34791119,34435256,34090243,24821912,31336541,35002748
143,,30683312,35152907,33970769,34789923,34427916,34089624,24751443,31334605,35001338
144,,30668400,35152691,33969516,34782743,34426942,34086738,24695667,31298289,35000894
145,,30665954,35152244,33965498,34779464,34426183,34072800,24583283,31265070,34998932
146,,30662576,35151858,33947210,34775536,34420367,34072474,24508142,31264324,34996740
147,,30606979,35151720,33946446,34771066,34417122,34071003,24382058,31243706,34986353
148,,30597763,35151663,33939118,34769092,34396715,34066859,24373235,31235555,34986147
149,,30575282,35151650,33931404,34768051,34390993,34063377,24361511,31229619,34981499
150,,30555566,35151646,33915220,34764634,34389700,34056897,24191197,31201731,34978597
151,,30552111,35151604,33893674,34763302,34388426,34056691,23889512,31197153,34975489
152,,30478982,35151421,33892080,34761905,34384074,34032641,23861369,31186419,34974781
153,,30444022,35151348,33890414,34753427,34382750,34029582,23694765,31149850,34974187
154,,30383868,35151299,33887256,34752662,34381161,34026534,22972470,31133092,34972124
155,,30374109,35150861,33887213,34749668,34378279,34024257,22926069,31107414,34970582
156,,30360145,35150560,33883656,34746208,34371816,34015278,22884904,31092541,34967298
157,,30341510,35150548,33862075,34743947,34368864,34009603,22859370,31048368,34967205
158,,30205382,35150287,33858515,34743657,34367469,34008029,24236842,31035215,34966605
159,,30026270,35150035,33832546,34737725,34366875,34000580,22649411,31014937,34966360
160,,30007232,35149166,33832077,34736133,34361774,33998282,22579560,31002823,34966359
161,,30006377,35148695,33823760,34732821,34360682,33995275,22292451,30907944,34962643
162,,29982291,35148602,33811926,34732537,34359828,33991997,22253604,30830678,34962468
163,,29955086,35148580,33802170,34730253,34349763,33983929,27933595,30819824,34960114
164,,29731242,35147639,33799976,34729722,34343731,33978069,22180093,30759215,34960022
165,,29669962,35147538,33797777,34727932,34341763,33975515,22147710,30753258,34959870
166,,29650774,35147505,33792323,34727748,34337024,33962149,22079758,30738868,34959760
167,,29615440,35146402,33789659,34726160,34331686,33956455,21958333,30718068,34959250
168,,29611132,35146306,33780229,34725844,34329737,33947005,21950636,30705254,34958683
169,,29609091,35145791,33772991,34723191,34326967,33934480,21831781,30694557,34957476
170,,29606028,35145588,33768561,34721760,34315726,33932253,21486703,30673120,34955862
171,,29533954,35145353,33749655,34720580,34314821,33928327,21447485,30653152,34955840
172,,29516520,35144941,33747345,34719148,34313292,33918273,21392828,30647535,34955004
173,,29477240,35144715,33740285,34716790,34308944,33902539,21086182,30612498,34954022
174,,29454299,35144640,33728019,34708228,34302624,33900535,21083519,30597753,34952629
175,,29417186,35144341,33713326,34707105,34299486,33898262,20811370,30584157,34952622
176,,29398326,35144052,33687147,34697034,34297586,33896782,20616094,30582909,34949756
177,,29311992,35143719,33686743,34693846,34295723,33892285,20388847,30557902,34949182
178,,29291386,35142031,33651875,34692563,34295325,33884463,20336586,30553443,34948234
179,,29288268,35141761,33646214,34691455,34294713,33875683,19858481,30521533,34946298
180,,29228585,35140703,33616398,34689847,34291923,33868178,19365392,30461450,34944566
181,,29223407,35140489,33600175,34689373,34285470,33867398,18606183,30348206,34944423
182,,29174036,35140486,33583389,34687725,34279974,33851048,17900700,30345315,34944092
183,,29115033,35140467,33579846,34684645,34278446,33840847,17437246,30343467,34943778
184,,29109360,35140448,33579843,34684479,34273538,33835493,17306374,30343141,34943086
185,,29104117,35140188,33561274,34684378,34273079,33832846,15671479,30327780,34941925
186,,28986550,35139812,33552057,34683960,34273070,33832651,15470600,30317449,34940595
187,,28967097,35138685,33544569,34683334,34265475,33830396,15235770,30310153,34940563
188,,28914637,35138577,33544470,34682915,34264768,33810868,14529486,30276837,34939534
189,,28911610,35138572,33544469,34681787,34264302,33809898,12570796,30253050,34939442
190,,28881473,35135590,33543942,34680110,34260650,33808821,,30206821,34938272
191,,28849106,35135342,33539017,34680047,34258291,33802824,,30196103,34938095
192,,28842216,35135077,33534663,34675887,34256435,33802170,,30146932,34934444
193,,28819999,35135041,33516852,34672271,34248040,33800673,,30146931,34934126
194,,28775125,35135039,33515645,34671578,34247809,33799326,,30140426,34933204
195,,28689771,35134601,33504293,34666751,34246712,33799024,,30138667,34930972
196,,28672855,35133388,33494388,34666141,34241775,33792106,,30132033,34925813
197,,28662967,35133280,33467075,34665600,34224725,33773689,,30126223,34924035
198,,28645526,35132303,33464098,34659937,34224339,33773466,,30084288,34922198
199,,28608285,35131436,33450674,34656705,34221088,33769491,,30069908,34921194
200,,28592636,35130901,33427465,34655465,34214506,33766618,,30030157,34920734
201,,28587386,35130338,33423653,34654787,34201520,33756478,,30023835,34920001
202,,28577871,35130127,33420039,34652989,34199319,33744841,,30003560,34918690
203,,28554737,35129868,33410588,34649831,34186361,33743404,,29956218,34917917
204,,28554304,35129418,33401187,34649055,34178871,33742102,,29889464,34917033
205,,28533422,35129235,33397266,34647607,34176722,33740389,,29880093,34916585
206,,28474063,35129198,33391936,34647431,34175429,33739565,,29879988,34916558
207,,28402852,35129018,33390788,34645615,34169461,33739409,,29873957,34914039
208,,28395025,35128748,33389592,34645391,34168729,33737142,,29853770,34913819
209,,28389414,35128745,33347933,34639299,34166655,33728047,,29849562,34912298
210,,28387853,35128336,33341414,34637789,34161215,33713645,,29763613,34910610
211,,28363692,35127769,33336850,34632496,34156072,33706189,,29757463,34909902
212,,28350842,35127369,33325386,34631895,34145611,33691685,,29751149,34909663
213,,28319060,35126811,33321116,34631276,34137064,33686743,,29693021,34909589
214,,28316372,35126760,33310207,34625947,34128007,33678100,,29673211,34909309
215,,28290604,35126394,33307136,34624477,34127487,33669133,,29670283,34907913
216,,28288167,35125882,33294004,34623822,34121441,33666833,,29627388,34907783
217,,28284938,35125197,33279292,34620620,34119624,33662598,,29619846,34907592
218,,28253502,35124687,33269918,34616050,34116361,33659978,,29606630,34907199
219,,28240316,35124671,33256577,34610553,34113141,33647332,,29578944,34904501
220,,28189755,35124169,33255272,34610358,34111245,33647254,,29551688,34903064
221,,28176375,35124085,33235246,34609978,34101535,33644914,,29551575,34901269
222,,28123946,35123853,33233425,34609622,34093971,33635166,,29527628,34901196
223,,28081947,35121287,33227292,34608929,34093430,33627830,,29490093,34901001
224,,28073828,35120743,33226368,34608922,34090243,33623633,,29486015,34900829
225,,28064096,35120317,33226242,34607170,34087285,33622736,,29477037,34900790
226,,28012283,35120311,33221742,34606561,34086738,33617269,,29476444,34900765
227,,27995146,35119630,33219514,34601394,34078729,33609729,,29441984,34899638
228,,27923278,35119089,33207866,34600076,34077948,33607356,,29419534,34899278
229,,27693215,35119024,33206461,34586111,34072474,33603663,,29395042,34895951
230,,27706259,35119008,33203441,34584998,34072110,33601140,,29391158,34895869
231,,27671827,35118593,33202960,34583808,34072007,33595665,,29369095,34894745
232,,27633396,35118457,33202416,34583124,34071003,33594527,,29362940,34892197
233,,27629486,35118453,33192467,34581574,34069768,33592752,,29320364,34890767
234,,27629361,35118452,33189949,34581092,34065973,33590932,,29245105,34889064
235,,27580405,35118448,33187206,34580767,34062418,33586497,,20301505,34888323
236,,27560926,35118145,33185594,34579110,34050416,33580640,,29216032,34887872
237,,27519769,35116182,33168021,34576303,34048868,33569908,,29212780,34887185
238,,27496100,35115945,33164858,34572086,34044276,33567306,,29189554,34885867
239,,27481368,35115770,33164543,34571945,34042416,33557007,,29176000,34884494
240,,27479085,35115614,33164004,34569605,34039237,33544126,,29170185,34882716
241,,27384491,35115561,33161213,34564429,34029582,33539626,,29124482,34881309
242,,27349479,35114763,33158138,34563954,34024257,33538667,,29049533,34881193
243,,27203422,35114418,33154323,34563556,34010747,33535747,,29039325,34879186
244,,27196572,35114298,33153424,34563440,34006163,33534533,,29023012,34876341
245,,27167055,35113957,33152453,34562607,34004260,33534060,,29018828,34876126
246,,27051585,35113805,33147803,34562484,33995040,33534040,,28993191,34875612
247,,26966278,35113467,33140268,34562065,33987409,33521051,,28988945,34871520
248,,26931472,35113203,33127549,34559946,33984104,33520105,,28967801,34871234
249,,30695496,35112597,33124419,34555055,33978069,33516852,,28954970,34867816
250,,26904147,35112368,33121529,34553271,33963627,33508125,,28915340,34866923
251,,26883847,35112095,33100967,34552271,33962551,33506262,,28835522,34865644
252,,26868449,35111221,33098366,34551059,33947005,33499062,,28828347,34859477
253,,26859514,35111074,33097922,34546489,33944639,33472652,,28827482,34858338
254,,26846682,35111058,33044093,34543925,33942517,33471970,,28768320,34857213
255,,26829555,35110952,33036905,34543425,33922399,33462371,,28767521,34853572
256,,26822087,35110859,33026133,34543283,33920825,33459923,,28735693,34853274
257,,26783539,35110697,33016922,34542667,33920728,33455296,,28734674,34853204
258,,26743134,35109996,33013281,34541956,33919016,33444718,,28731977,34853102
259,,26718505,35108508,33007295,34537587,33918273,33435616,,28728577,34852815
260,,26691922,35108433,33006228,34537243,33914219,33435602,,28727270,34852745
261,,26666444,35108360,33003086,34533234,33910093,33426802,,28709906,34852221
262,,26454169,35107846,32996171,34531826,33907960,33422769,,28703650,34852140
263,,26435324,35107740,32989109,34530691,33901463,33422063,,28695014,34847854
264,,26358493,35106636,32987038,34526989,33899122,33412210,,28676198,34847832
265,,26334030,35105943,32986168,34523296,33897618,33407019,,28657697,34847642
266,,26260044,35105704,32984066,34522964,33892285,33401711,,20301485,34846621
267,,26228595,35105428,32978875,34520261,33892063,33397553,,28597471,34845360
268,,26210631,35104494,32969779,34518156,33887264,33396845,,28557178,34844584
269,,26168231,35103753,32959649,34515873,33883592,33396676,,28541026,34842001
270,,26150485,35103245,32943189,34515148,33882908,33394226,,28501550,34839464
271,,26125647,35103243,32941692,34515131,33880698,33388674,,28476321,34836915
272,,26036357,35103172,32940168,34512884,33879046,33388592,,28473361,34836743
273,,26033204,35101868,32929282,34511822,33875384,33380297,,28371941,34834027
274,,25950476,35101708,32920546,34511531,33868178,33379850,,28361261,34833964
275,,25911189,35101568,32894306,34511138,33867398,33370687,,28341643,34831726
276,,25887267,35101476,32887527,34510514,33866314,33357895,,28340545,34831343
277,,25867197,35101054,32884237,34508793,33866061,33356023,,28332327,34831062
278,,25817898,35100892,32879439,34505919,33854480,33353192,,28332005,34830301
279,,25790769,35100891,32872672,34505615,33850913,33344518,,28293643,34829617
280,,25767272,35100497,32867761,34503684,33849119,33340674,,28280900,34827568
281,,25755735,35100325,32867553,34502562,33846883,33339444,,28260499,34825245
282,,25658748,35100074,32860895,34502235,33844969,33330510,,28252606,34824108
283,,25648832,35099717,32854852,34502172,33842424,33303885,,28205574,34823092
284,,25546438,35099028,32853472,34502023,33838689,33300344,,28202580,34822948
285,,25543293,35098382,32841886,34501433,33837513,33299313,,28186081,34822814
286,,25531016,35098034,32833960,34497847,33835384,33296162,,28155118,34822796
287,,25530164,35097197,32828781,34487112,33834073,33295692,,28142314,34819079
288,,25457211,35097031,32821704,34482574,33832846,33293598,,29979499,34818584
289,,25451613,35096331,32818934,34481869,33831549,33293204,,28117839,34813979
290,,25415616,35096302,32805190,34474107,33830396,33292863,,28086099,34813377
291,,25322830,35095874,32804681,34473420,33823243,33292205,,28070703,34812131
292,,25271382,35095773,32800950,34473336,33815384,33282938,,28041922,34811984
293,,25220705,35094087,32795580,34472215,33815140,33280346,,28036014,34810127
294,,25012131,35093470,32790383,34471049,33813813,33279869,,28030426,34808598
295,,25011972,35093386,32784399,34470562,33812603,33278511,,27984527,34808553
296,,24987707,35093349,32769032,34463268,33810327,33278392,,27979811,34806684
297,,24976178,35093020,32768941,34463264,33809898,33276949,,27916275,34806607
298,,24903577,35092990,32766675,34460928,33808821,33276097,,27916274,34806528
299,,24853762,35092605,32754033,34460218,33807522,33266398,,27886206,34806320
300,,24813250,35092603,32739014,34456865,33806499,33264776,,27816519,34806127
301,,24812426,35092430,32739013,34455039,33805311,33254992,,27808040,34805413
302,,24684823,35092260,32739010,34454054,33802824,33249991,,27592097,34805412
303,,24682898,35092221,32738275,34452184,33799024,33249786,,27331307,34804028
304,,24626642,35091821,32737929,34452145,33798598,33249137,,27780892,34803906
305,,24608443,35090991,32727002,34450194,33790606,33242796,,27776567,34803905
306,,24587334,35090949,32724729,34449321,33788970,33242093,,27487004,34803869
307,,24553436,35090905,32724695,34447351,33781449,33228164,,27448285,34803737
308,,24473436,35090550,32705768,34447287,33780737,33224773,,27764759,34803706
309,,24461318,35090548,32704090,34446275,33777959,33222119,,27717882,34803485
310,,24410777,35089931,32694117,34446271,33776922,33219628,,27749417,34803393
311,,24379355,35089221,32678846,34445584,33775493,33215220,,27734659,34801048
312,,24361011,35088828,32664305,34445384,33773466,33212150,,27731968,34801028
313,,24269735,35088781,32661627,34445047,33773280,33206752,,27612208,34800208
314,,24240391,35088561,32653611,34444784,33772737,33205810,,27612144,34796200
315,,24217922,35087975,32636061,34444750,33771705,33203659,,27603392,34795503
316,,24152426,35087478,32628488,34444735,33771149,33203124,,27589095,34791802
317,,24064760,35087408,32627282,34443347,33770068,33201926,,27553015,34791119
318,,24055008,35086144,32623394,34440853,33766228,33201730,,27543338,34790047
319,,24041262,35086065,32620407,34436472,33764312,33197063,,27531675,34789613
320,,24011072,35086031,32612182,34435562,33761597,33182581,,27501653,34789136
321,,23975026,35085735,32611683,34433630,33759548,33177612,,27493135,34786097
322,,23967267,35085366,32604774,34426993,33751888,33166270,,27484440,34785415
323,,23886751,35085251,32603641,34423827,33746885,33164004,,27479625,34785062
324,,23855973,35084357,32602568,34423721,33746664,33162978,,27478806,34783675
325,,23853776,35082904,32601944,34422083,33745565,33162485,,27387400,34783015
326,,23750710,35082758,32588938,34419103,33740389,33161761,,27385796,34782333
327,,23747931,35082508,32587390,34418744,33740334,33157379,,27377509,34782236
328,,23747250,35082201,32580974,34418283,33739173,33154160,,31360079,34781602
329,,23700340,35081898,32569693,34417650,33737142,33147343,,27284108,34780524
330,,23593036,35081569,32563713,34417277,33729664,33145626,,27279601,34779405
331,,23579487,35081303,32560229,34415396,33727057,33139642,,27234296,34779102
332,,23511693,35080701,32559841,34413117,33719188,33134388,,27226528,34778991
333,,23504315,35079259,32557841,34410099,33718200,33125920,,27219496,34777695
334,,23372061,35078511,32542806,34406393,33716721,33125753,,27217489,34777313
335,,23333931,35078449,32541896,34406076,33713645,33118726,,27138221,34774387
336,,23257358,35077745,32541895,34405221,33713581,33093699,,27133151,34774144
337,,23255598,35077471,32538855,34404937,33712808,33083852,,27090642,34773970
338,,23246831,35076493,32535272,34404817,33706169,33076509,,27082922,34772419
339,,23230212,35075059,32521474,34402258,33671798,33075764,,27080063,34769262
340,,23223021,35074908,32490863,34400887,33669133,33063115,,31975802,34765303
341,,23162655,35074667,32468130,34399527,33666833,33054244,,27028063,34765001
342,,23110196,35073367,32463790,34399391,33662598,33053898,,27013462,34763465
343,,23094067,35072785,32454996,34396581,33662571,33049686,,26984821,34763302
344,,23086036,35072537,32454931,34392792,33657115,33040077,,26939572,34763009
345,,23043161,35072042,32442083,34386321,33647265,33032084,,26939086,34762788
346,,23038263,35071777,32436936,34385994,33647254,33029295,,26937618,34762378
347,,23027613,35071640,32436237,34383399,33642871,33018959,,26912265,34760761
348,,22945304,35071564,32432078,34382495,33642340,33017914,,26907623,34759215
349,,22915469,35071380,32431603,34374401,33640319,33016686,,26885528,34757642
350,,22854746,35070304,32418534,34373464,33639243,33007486,,26857652,34757311
351,,22841542,35070251,32414928,34371962,33635523,33004708,,26854578,34753800
352,,22808290,35070225,32413985,34371945,33628283,32991960,,26822087,34753797
353,,22761857,35070111,32407295,34371888,33628099,32987721,,26813148,34752593
354,,22745068,35070073,32398693,34371847,33627633,32981928,,26789601,34748819
355,,22660795,35070056,32394925,34371008,33623633,32977552,,26740469,34748760
356,,22649064,35069867,32393893,34370694,33611932,32975269,,26712375,34748476
357,,22564979,35069582,32393892,34370300,33610707,32970432,,26676662,34747996
358,,22563086,35069222,32390636,34368864,33609317,32967568,,26671617,34746711
359,,22545089,35069205,32385803,34366888,33609191,32962260,,26666418,34746146
360,,22543247,35069170,32372981,34365777,33606677,32959643,,31768422,34746052
361,,22539679,35069149,32365816,34364238,33593356,32957558,,26621248,34744160
362,,22522613,35068792,32356429,34362888,33588049,32950634,,26599185,34743990
363,,22508064,35068329,32344165,34362459,33586497,32949665,,26598580,34743418
364,,22341640,35067899,32333549,34362294,33584642,32945423,,26593071,34741999
365,,22331364,35067816,32330570,34362037,33581257,32919422,,26551690,34737792
366,,22326994,35067449,32326589,34361920,33580640,32914574,,26520392,34737513
367,,22325091,35067195,32326517,34361563,33577915,32903642,,26517200,34736450
368,,22273863,35067153,32312168,34360534,33569974,32899874,,26476844,34731871
369,,22273862,35067142,32305815,34360322,33567306,32897800,,26472268,34730960
370,,22110483,35066921,32296903,34360006,33565691,32879653,,26460688,34729271
371,,22056385,35066828,32294928,34358397,33557007,32878828,,26429836,34727788
372,,21985785,35066767,32290868,34358274,33555600,32878498,,26426748,34727748
373,,21912612,35066056,32283762,34357347,33545792,32870561,,26397932,34722893
374,,21862611,35065983,32274599,34356808,33535949,32857288,,26365139,34722660
375,,21747171,35065847,32271378,34356640,33535747,32856042,,26349164,34721992
376,,21624091,35065369,32269898,34356475,33529726,32825894,,26327677,34721424
377,,21617185,35064400,32264944,34355790,33520842,32820316,,26311228,34719994
378,,21599458,35063496,32259327,34355282,33520829,32817751,,26309404,34718625
379,,21554521,35063446,32250311,34355196,33520794,32814232,,26297899,34718610
380,,21519350,35063344,32250298,34352720,33515594,32810740,,26291182,34717897
381,,21372039,35062385,32229246,34350596,33513366,32810492,,26233573,34716065
382,,21368653,35062152,32222531,34349265,33506262,32800850,,26179288,34715892
383,,21364767,35062130,32219646,34349203,33502878,32800550,,26134846,34715878
384,,21300624,35062059,32210695,34349026,33501550,32799394,,26118704,34715482
385,,21249158,35060942,32208408,34348919,33495825,32798322,,26112471,34715116
386,,21071580,35060728,32202808,34346573,33494625,32797749,,26093168,34713644
387,,21031339,35060126,32202739,34337243,33483741,32790060,,26071380,34711595
388,,20821229,35059395,32198621,34337024,33480422,32788887,,26045186,34710938
389,,20818497,35059392,32198463,34335266,33472479,32787767,,26021712,34708228
390,,20814956,35059268,32194507,34335259,33471970,32786001,,25995347,34707382
391,,20631733,35059244,32188374,34335171,33463234,32770374,,25995125,34703256
392,,20526368,35059072,32167154,34334328,33460615,32767952,,25982152,34699316
393,,20460752,35058601,32165212,34334139,33450088,32767111,,25969720,34698101
394,,20299783,35058191,32159545,34333293,33447303,32764504,,25968451,34697593
395,,20185635,35057911,32156083,34331217,33444718,32759033,,25962390,34695550
396,,20161735,35057797,32148197,34329971,33441910,32754804,,25939897,34693846
397,,20150288,35057569,32147454,34329744,33435602,32752112,,25891974,34692675
398,,20107192,35057558,32144164,34329692,33434144,32747257,,25889173,34691339
399,,19958114,35057552,32143329,34328161,33433486,32745750,,25870548,34687727
400,,19875458,35057548,32133797,34327571,33427953,32741295,,25864813,34687725
401,,19800083,35057540,32131431,34323091,33427267,32739399,,25851664,34686739
402,,19784582,35057513,32129153,34322511,33425218,32738338,,25834065,34685668
403,,19661066,35057510,32127257,34318967,33421408,32735781,,25772233,34685620
404,,19636222,35057503,32123956,34315367,33419247,32734440,,25771129,34685425
405,,19549853,35057501,32116510,34312454,33414716,32730745,,25760438,34684734
406,,19547759,35057448,32112452,34311523,33412098,32729630,,25725334,34684632
407,,19387875,35056946,32105649,34310656,33403698,32728891,,25716141,34684468
408,,19357722,35056941,32095894,34308944,33403597,32727339,,25708274,34684381
409,,19272793,35056861,32092326,34308664,33399849,32724452,,25705990,34684378
410,,19251395,35056780,32083135,34306045,33399105,32722465,,25614181,34682898
411,,19205029,35056765,32079687,34298148,33397553,32711477,,25612506,34681954
412,,19110536,35056557,32077986,34298034,33396845,32711108,,25600037,34681832
413,,19017763,35056393,32077246,34297497,33395297,32710428,,25578257,34681126
414,,18834444,35056346,32075893,34297456,33389429,32708766,,25568610,34680473
415,,18832793,35056329,32068886,34296449,33388674,32708215,,25565583,34678590
416,,18779578,35056324,32052315,34295586,33379850,32705127,,25563903,34678237
417,,18700015,35056318,32052147,34293310,33379848,32701146,,25560581,34678202
418,,18487452,35056315,32038127,34286837,33375983,32698623,,25553239,34677569
419,,18378570,35056127,32034441,34286509,33374571,32697061,,25456265,34675887
420,,18230613,35055431,32026607,34283205,33373432,32693824,,25436106,34675593
421,,18178618,35055412,32013844,34282342,33357895,32693171,,25431174,34675005
422,,18031608,35055338,32011847,34282152,33354328,32685033,,25410231,34674505
423,,17562326,35055319,32005442,34281431,33353192,32683790,,25387598,34672667
424,,17526654,35055081,31996622,34279029,33347265,32681069,,25387462,34671682
425,,17406644,35055050,31996326,34274001,33342766,32668647,,25366503,34670509
426,,17327450,35055027,31995712,34266640,33340674,32663711,,25364885,34670305
427,,17295835,35055022,31993048,34266394,33339444,32654608,,25332320,34669873
428,,17284655,35054991,31992349,34265579,33338749,32636802,,25328117,34669714
429,,17192474,35054926,31984442,34264743,33328269,32629455,,25272094,34668200
430,,17097800,35054924,31982877,34264387,33323458,32627220,,25266692,34667280
431,,17093946,35054888,31979355,34262724,33320529,32618037,,25240055,34667273
432,,16965293,35054822,31974905,34262156,33319671,32603504,,25231896,34666508
433,,16721034,35054422,31974099,34261739,33316843,32602814,,25231870,34666113
434,,16627594,35054144,31967063,34260923,33310423,32594191,,25168665,34663875
435,,16551628,35053127,31947546,34259305,33310119,32588370,,25146474,34663802
436,,16449352,35053064,31941840,34258287,33306343,32587663,,25139539,34663294
437,,16297319,35053020,31927145,34255857,33301237,32574064,,25097088,34660812
438,,16177100,35053018,31927001,34255031,33299313,32570168,,25079952,34660808
439,,15749807,35052953,31919781,34251085,33296175,32565336,,25059854,34660042
440,,15619028,35052844,31916276,34248897,33296162,32564295,,25048983,34657531
441,,15601754,35052818,31915963,34246926,33294254,32562054,,25047672,34657267
442,,15561935,35052794,31904547,34246920,33293942,32550176,,25034311,34656950
443,,15345684,35052752,31900863,34245355,33293598,32548971,,25016669,34655814
444,,15331557,35052710,31894470,34244329,33293421,32545902,,25008178,34653116
445,,15240880,35052633,31894464,34240667,33282938,32541895,,24990858,34650665
446,,15070774,35052597,33651867,34240605,33278511,32538381,,24988216,34650613
447,,14716305,35052401,31874582,34238735,33278392,32536223,,24983280,34650342
448,,14678947,35052019,31871617,34238463,33276949,32534720,,24971322,34647124
449,,12921973,35051881,31867887,34234740,33276482,32531573,,24954655,34646852
450,,12594516,35051763,31838720,34234486,33276097,32527798,,24928102,34645640
451,,12220549,35051439,31838129,34234216,33274238,32527456,,24927554,34645391
452,,11967010,35050264,31820484,34225937,33274237,32525079,,24924124,34644709
453,,10652023,35050213,31819572,34224949,33274209,32517842,,24919927,34644565
454,,10194520,35049484,31814530,34224812,33273482,32513013,,24911074,34643895
455,,9751766,35049442,31808036,34220855,33270256,32500885,,24890379,34643493
456,,9218758,35049216,31804529,34216342,33268721,32498888,,24862108,34639299
457,,8692797,35049196,31801334,34216216,33264776,32498563,,24831421,34638990
458,,,35049022,31779058,34212051,33262105,32486343,,24825435,34638615
459,,,35048763,31777253,34211619,33252072,32473245,,24813890,34637494
460,,,35048605,31766676,34210228,33249137,32470831,,24803311,34636497
461,,,35048596,31765661,34209638,33242093,32466773,,24790009,34636295
462,,,35048037,31758264,34209599,33230233,32457394,,24787504,34634043
463,,,35047115,31755391,34208908,33229539,32457326,,24713310,34632602
464,,,35046895,31753657,34201703,33222119,32455133,,24710961,34631895
465,,,35046698,31744006,34201520,33219433,32449138,,24704892,34631007
466,,,35046015,31739987,34199333,33218817,32444692,,24702495,34630895
467,,,35046014,31730866,34197915,33217980,32443614,,24673571,34630883
468,,,35046013,31726088,34195182,33214651,32441013,,24636613,34630866
469,,,35045332,31721795,34192748,33212150,32436936,,24620961,34627808
470,,,35044685,31721261,34192303,33210670,32436414,,24603557,34627704
471,,,35043173,31720593,34185058,33203694,32432347,,24601691,34625584
472,,,35042934,31708371,34183723,33201730,32432078,,24597211,34623597
473,,,35042753,31697830,34183063,33200558,32427693,,24566586,34623331
474,,,35042650,31694078,34178829,33198375,32419937,,24561860,34621822
475,,,35042552,31682826,34176494,33197564,32412744,,24553008,34615674
476,,,35041708,31680842,34171519,33197063,32403034,,24551889,34611544
477,,,35041699,31676294,34168722,33193424,32402119,,24524594,34611505
478,,,35041340,31669775,34168187,33192565,32402066,,24502860,34610720
479,,,35041127,31665341,34166739,33189452,32397145,,24458095,34610303
480,,,35041121,31659151,34165369,33187365,32393892,,24420785,34609920
481,,,35040812,31647489,34163679,33185696,32387304,,24419643,34609028
482,,,35040795,31647140,34158241,33185366,32383705,,24388462,34606993
483,,,35040610,31642657,34156347,33183483,32377518,,24385423,34606471
484,,,35040554,31642314,34156017,33183446,32363364,,24374093,34604943
485,,,35040415,31620893,34156011,33181169,32351012,,24355386,34604241
486,,,35040119,31620632,34154741,33177612,32343997,,24330406,34603858
487,,,35039576,31602757,34152460,33171282,32338465,,24303494,34602788
488,,,35039476,31601900,34152092,33162153,32335366,,24296910,34602544
489,,,35039332,31577904,34151809,33161761,32332634,,24296843,34602463
490,,,35038894,31566590,34149694,33161027,32330956,,24292753,34602077
491,,,35038890,31566589,34146413,33159991,32318895,,28360574,34601115
492,,,35038838,31551793,34145545,33157379,32312960,,24284851,34598978
493,,,35037775,31551756,34143451,33152905,32311651,,24264400,34597809
494,,,35037631,31551412,34140089,33152441,32305647,,24211301,34593560
495,,,35037196,31529602,34139119,33147748,32305626,,24201044,34592714
496,,,35037135,31527120,34137197,33136434,32302669,,24152185,34591271
497,,,35036572,31521398,34135611,33132140,32286474,,24129223,34590907
498,,,35036248,31507407,34132491,33130931,32283691,,24118023,34590448
499,,,35035855,31500836,34132368,33115566,32279476,,24085589,34589359
500,,,35035727,31493679,34130655,33112433,32277051,,24085041,34589201
501,,,35035440,31482893,34130016,33108324,32276962,,24084033,34589058
502,,,35035395,31469122,34129900,33106956,32258830,,24067498,34586216
503,,,35034940,31461911,34126693,33106138,32256445,,24051022,34584383
504,,,35034636,31461816,34126297,33099000,32256070,,24011681,34583660
505,,,35034587,31456396,34125646,33098611,32248455,,24011077,34582711
506,,,35034471,31455083,34125276,33096494,32245798,,23995958,34581971
507,,,35033991,31442763,34121441,33093699,32238304,,23970715,34581054
508,,,35033782,31436406,34121030,33092030,32233181,,23966668,34580767
509,,,35033161,31428627,34120835,33084092,32223126,,23939392,34580120
510,,,35032624,31426549,34119556,33077739,32216507,,23905458,34579628
511,,,35032563,31405644,34116361,33075764,32216291,,23905404,34579425
512,,,35031999,31401442,34115582,33064964,32210168,,23904952,34578916
513,,,35031057,31376172,34114983,33064205,32202758,,23887339,34576213
514,,,35031013,34652730,34113945,33062236,32200274,,23842711,34573114
515,,,35030973,31356213,34111464,33062144,32198206,,23835051,34572493
516,,,35029882,31353785,34109975,33054705,32196541,,23820404,34572148
517,,,35029593,31353702,34109519,33053898,32186155,,23816319,34571964
518,,,35029227,31343315,34107720,33050653,32185461,,23792282,34571945
519,,,35028470,31342431,34105563,33049236,32179650,,23785408,34571827
520,,,35027807,31338217,34103897,33045978,32172624,,23771401,34571504
521,,,35027110,31333136,34103026,33045658,32171979,,23770292,34570914
522,,,35026884,31330313,34102283,33044562,32167062,,23732189,34569909
523,,,35026047,31322215,34102134,33036786,32165934,,23731598,34567869
524,,,35025607,31305320,34101547,33035443,32158314,,23705524,34567065
525,,,35024753,31282646,34097903,33021829,32152499,,23697717,34566883
526,,,35024652,31276140,34097242,33020209,32145638,,23693136,34565341
527,,,35024196,31273267,34097181,33018959,32143382,,23639406,34565207
528,,,35024053,31267354,34093430,33016850,32143048,,23600386,34565098
529,,,35023058,31263995,34091400,33016845,32140858,,23595797,34563042
530,,,35021971,31256135,34090615,33016843,32138507,,23590413,34562838
531,,,35021961,31255671,34087334,33015921,32135367,,23565813,34562484
532,,,35021057,31237881,34086903,33014270,32135124,,23541708,34561952
533,,,35020844,31229566,34085773,33010420,32129603,,23532706,34560214
534,,,35020012,31222470,34084151,33009701,32129362,,23531839,34558982
535,,,35018767,31213603,34082859,33005004,32111490,,23482795,34557953
536,,,35018328,31196059,34082041,33004708,32105649,,23442783,34557362
537,,,35017806,31195047,34077730,32998388,32104528,,23430128,34557007
538,,,35017411,31156159,34074370,32994511,32094395,,23410569,34556885
539,,,35017182,31146152,34073737,32994439,32089084,,23404298,34553421
540,,,35017043,31128176,34072474,32993421,32083136,,23392617,34551784
541,,,35016742,31126115,34071972,32993012,32077246,,23390036,34551697
542,,,35016485,31103416,34071554,32991960,32077075,,23389305,34548113
543,,,35016446,31102743,34071182,32989633,32068116,,23370597,34547966
544,,,35015397,31095387,34069768,32984668,32067611,,23370066,34547701
545,,,35015837,31093980,34068353,32982222,32066652,,23324385,34544729
546,,,35015779,31089202,34067585,32979391,32062660,,23313875,34541956
547,,,35015742,31085195,34067538,32975269,32062369,,23307605,34540601
548,,,35015080,31084520,34065175,32963416,32058155,,23275337,34540403
549,,,35014695,31080589,34064996,32959643,32056521,,23266825,34539583
550,,,35014047,31076418,34063817,32957845,32056196,,23256101,34538233
551,,,35013596,31075308,34063377,32957808,32045947,,23250997,34537587
552,,,35013237,31062393,34062420,32956647,32039679,,23242937,34537243
553,,,35013117,31062332,34061274,32955003,32033303,,23238483,34536257
554,,,35012642,31062329,34059525,32949665,32031980,,23235661,34533398
555,,,35012372,31062328,34054724,32948398,32029482,,23223176,34532853
556,,,35011919,31062325,34054500,32945423,32020779,,23202932,34531242
557,,,35011666,31034991,34054021,32941450,32017160,,23187087,34528736
558,,,35011465,31028814,34052674,32936369,32010944,,23186035,34527203
559,,,35011387,31018156,34051165,32927638,32004602,,23183148,34526751
560,,,35011239,31004596,34048925,32924547,31998775,,23183040,34525924
561,,,35011089,30995454,34048807,32920759,31995653,,23150918,34524376
562,,,35011044,30975165,34046039,32916428,31991895,,23112395,34523817
563,,,35011029,30974231,34043793,32914574,31991596,,23091343,34523061
564,,,35010958,30970121,34043368,32909757,31987135,,23080264,34522873
565,,,35010944,30963337,34039350,32908933,31983511,,23073565,34515850
566,,,35010884,30958383,34038767,32903435,31983259,,23069762,34515712
567,,,35010830,30945019,34034069,32899874,31978475,,22991449,34515131
568,,,35010603,30923733,34033835,32898530,31972252,,22967187,34515128
569,,,35010564,30919775,34032751,32893983,31966996,,22928575,34514962
570,,,35010563,30917176,34032395,32893152,31965934,,22948709,34513999
571,,,35008927,30909245,34032389,32892714,31965435,,22923994,34512894
572,,,35008921,30903769,34029032,32880388,31963438,,22898766,34512883
573,,,35008906,30877737,34024269,32879653,31954804,,22893563,34512548
574,,,35008819,30875980,34021044,32870561,31953481,,22865388,34511917
575,,,35008779,30858558,34020251,32866635,31950005,,22856535,34511822
576,,,35008764,30852627,34019348,32865013,31949049,,22827115,34511492
577,,,35008753,30833374,34015278,32864046,31945095,,22820611,34511013
578,,,35008567,30823403,34012192,32861041,31943002,,22810079,34510866
579,,,35008094,30814273,34011890,32843569,31941840,,22764245,34509062
580,,,35008072,30803034,34007967,32840121,31939533,,22745234,34508686
581,,,35007648,30800211,34007805,32830146,31936746,,22735251,34508250
582,,,35006127,30794428,34007315,32828949,31935365,,22735246,34506691
583,,,35005848,30786010,34001534,32828841,31927945,,22733772,34503684
584,,,35005809,30785085,33998467,32814232,31924211,,22716295,34502235
585,,,35005800,30775988,33995842,32812777,31917312,,22712004,34502172
586,,,35003832,30767386,33995826,32812462,31902278,,22681169,34500517
587,,,35003773,30763329,33995129,32810492,31901726,,22678685,34498509
588,,,35003556,30759264,33995040,32808824,31897456,,22664956,34497852
589,,,35003245,30737030,33993001,32803305,31888677,,22633711,34497344
590,,,35002980,30717182,33992947,32800950,31888259,,22595032,34497173
591,,,35002979,30715843,33990655,32799731,33905470,,22558515,34496736
592,,,35002962,30714972,33989714,32799584,31882442,,22538358,34496412
593,,,35002959,30714593,33987434,32799394,31882432,,22509775,34495376
594,,,35002952,30701360,33984575,32797749,31875960,,22497967,34495024
595,,,35002748,30696606,33984104,32796688,31872502,,22494020,34494507
596,,,35002636,30693738,33983968,32791310,31866525,,22482900,34492873
597,,,35002488,30684218,33983836,32791171,31849450,,22463961,34491915
598,,,35002441,30664922,33982576,32787767,31847050,,22439790,34490882
599,,,35002305,30651639,33982105,32786001,31844950,,22417970,34489979
600,,,35001304,30648514,33975515,32781796,31842622,,22411174,34489258
601,,,35000912,30647447,33971198,32775471,31841043,,22406419,34488728
602,,,35000826,30637955,33970303,32770555,31833569,,22381403,34487763
603,,,35000526,30625358,33966342,32768960,31827172,,22335435,34486100
604,,,35000498,30599445,33965767,32768953,31823935,,22332190,34484395
605,,,35000152,30593246,33964854,32767952,31822724,,22303523,34484389
606,,,34999622,30588881,33958662,32764569,31809190,,22302366,34484126
607,,,34999113,30584157,33958610,32758884,31808036,,22296650,34482855
608,,,34998921,30576976,33958192,32752277,31806622,,22271716,34480934
609,,,34998917,30569165,33955722,32752112,31806069,,22282735,34480875
610,,,34998693,30565720,33955221,32745750,31800080,,22262002,34480721
611,,,34998036,30563117,33953787,32741952,31798448,,22249783,34480566
612,,,34997893,30554086,33953783,32740409,31797133,,22244844,34478642
613,,,34997875,30543158,33953584,32739627,31797064,,22236461,34475777
614,,,34997266,30523576,33952760,32739209,31794260,,22209797,34473318
615,,,34997159,30539783,33952620,32738338,31783386,,22188660,34473295
616,,,34997128,30538427,33951465,32730745,31776944,,22181052,34473261
617,,,34996986,30496135,33945828,32729630,31774182,,22172451,34472787
618,,,34996067,30472734,33942700,32728891,31766976,,22160261,34472748
619,,,34995039,30471910,33935960,32727343,31765978,,22155651,34471131
620,,,34993838,30468944,33935735,32727339,31763839,,22127745,34470550
621,,,34993030,30465895,33935282,32719300,31761520,,22120432,34470191
622,,,34992535,30463298,33932806,32716446,31759099,,22088923,34467607
623,,,34992395,30448407,33932804,32713360,31758264,,22082033,34463264
624,,,34991691,30430949,33930169,32710438,31756486,,21966503,34462681
625,,,34991588,30429533,33928788,32708633,31740233,,21966502,34460933
626,,,34991564,30428311,33926260,32705232,31737665,,21957592,34457002
627,,,34989435,30407835,33926085,32701146,31731478,,21922068,34456867
628,,,34989161,30406052,33925229,32693824,31726870,,21824264,34455488
629,,,34988917,30395886,33924316,32693244,31726162,,21831292,34455039
630,,,34988825,30388964,33924206,32693171,31722526,,21825244,34454596
631,,,34988782,30356412,33922546,32692483,31713370,,21821439,34454160
632,,,34988340,30355995,33918804,32677037,31710789,,21820345,34453944
633,,,34988261,30342713,33918360,32676275,31701455,,21811871,34453049
634,,,34987478,30327182,33917099,32668647,31698065,,21719618,34452693
635,,,34987125,30315849,33916315,32666453,31686640,,23960752,34452687
636,,,34987054,30312115,33914701,32664350,31681052,,21709230,34451520
637,,,34987052,30299960,33910835,32663595,31672623,,21699129,34450194
638,,,34986830,30293453,33902412,32659952,31669757,,21697998,34450183
639,,,34986766,30287490,33898960,32654526,31669609,,21689507,34449903
640,,,34986499,30264411,33897618,32653904,31659742,,21680149,34448864
641,,,34986199,30262932,33894295,32651321,31659307,,21676163,34448695
642,,,34985498,30256388,33894212,32641646,31656017,,21652784,34447649
643,,,34985343,30245473,33893332,32638622,31655180,,21629235,34446274
644,,,34985183,30242618,33892925,32635218,31655056,,21626670,34445689
645,,,34985174,30237470,33892409,32635208,31650826,,21613990,34445679
646,,,34984663,30233075,33892080,32633896,31648536,,21597555,34445504
647,,,34983374,30230173,33889468,32626781,31647140,,21586846,34445049
648,,,34983141,30214848,33889290,32619172,31643037,,21561014,34444782
649,,,34983124,30213882,33888696,32618037,31642657,,21526077,34444197
650,,,34982999,30211692,33885783,32614804,31642314,,21486703,34442116
651,,,34981743,30192315,33883567,32611265,31639397,,21444113,34442051
652,,,34981526,30186862,33881561,32605304,31634466,,21443281,34440773
653,,,34981503,30149123,33876796,32602393,31632046,,21435176,34440682
654,,,34980720,30148596,33871793,32598925,31624852,,21435162,34440224
655,,,34980639,30142486,33871690,32596728,31622690,,21411513,34439921
656,,,34980593,30138667,33870850,32591923,31597668,,21410690,34439815
657,,,34980192,30106299,33870714,32591618,31594615,,21396718,34438482
658,,,34980154,30106209,33868178,32588825,31582658,,21371007,34438065
659,,,34979879,30078552,33864412,32588466,31580546,,21366362,34438036
660,,,34978779,30072873,33860354,32588370,31577213,,21346609,34436982
661,,,34978597,30069457,33858855,32587663,31574903,,21306415,34434058
662,,,34978237,30043289,33857907,32586748,31566426,,21303196,34433630
663,,,34977075,30036122,33857887,32581562,31555879,,21287911,34433133
664,,,34976402,30030591,33857729,32574064,31555078,,21281613,34433033
665,,,34976136,30027367,33853507,32570168,31552707,,21246327,34432804
666,,,34976108,30015901,33850106,32567544,31546678,,21232580,34429664
667,,,34974781,30014749,33846211,32567025,31545435,,21199267,34426183
668,,,34974076,30012886,33844166,32564765,31544706,,21188517,34425843
669,,,34973610,29991320,33843223,32564295,31538892,,21184807,34425740
670,,,34972146,29988450,33842424,32563214,31534524,,21176164,34425309
671,,,34972124,29986579,33842400,32559845,31529508,,21166852,34425102
672,,,34972066,29984653,33841324,32552747,31528975,,21163113,34424853
673,,,34971794,29976766,33838166,32550185,31522263,,21112637,34423734
674,,,34970896,29976617,33835594,32548708,31518635,,21091395,34422083
675,,,34970858,29964054,33826917,32545902,31518570,,21085553,34421642
676,,,34970748,29962282,33825246,32536223,31517620,,21081794,34420942
677,,,34970582,29961608,33819181,32534720,31514873,,20948513,34420584
678,,,34970352,29957442,33817264,32529845,31513895,,20943276,34419453
679,,,34970219,29956647,33816635,32529660,31512386,,20920685,34418148
680,,,34970150,29946879,33815980,32529526,31506348,,20876762,34417511
681,,,34969939,29940507,33812900,32527456,31503003,,20860415,34417460
682,,,34969661,29936141,33812885,32526091,31499963,,20853444,34416856
683,,,34968441,29928940,33811534,32526061,31492216,,20851745,34412532
684,,,34968300,29920123,33810955,32521173,31491425,,20838862,34411011
685,,,34967298,29867568,33808194,32518777,31490734,,20823343,34410681
686,,,34967205,29865065,33807135,32515004,31483755,,20812792,34410414
687,,,34967052,29857172,33807132,32512500,31481108,,20737059,34409130
688,,,34965370,29847632,33806689,32509990,31479766,,20723096,34408097
689,,,34964748,29799975,33805311,32508651,31473158,,20722677,34407873
690,,,34964440,29789902,33803471,32508185,31473080,,20705793,34405221
691,,,34964299,29789539,33803410,32507768,31469709,,20700963,34403950
692,,,34963483,29781038,33802738,32497629,31463740,,20642317,34403879
693,,,34963233,29775005,33802638,32495570,31456636,,20642268,34403077
694,,,34963031,29745410,33801269,32495169,31455371,,20614224,34402288
695,,,34962944,29738349,33800583,32494901,31453333,,20562752,34402224
696,,,34962463,29729422,33797874,32490905,31451331,,20560688,34400700
697,,,34962148,29725602,33797089,32488498,31449269,,20532620,34400258
698,,,34962074,29709194,33792106,32486343,31445358,,20531396,34400023
699,,,34961627,29702073,33790707,32484751,31429187,,20503259,34397849
700,,,34961464,29697253,33786869,32481426,31428627,,20447294,34397640
701,,,34960114,29684505,33785845,32478903,31421743,,20424632,34394285
702,,,34960104,29681053,33785643,32478050,31421735,,20393345,34394007
703,,,34960047,29670917,33785337,32477353,31410531,,20347224,34394004
704,,,34960022,29664151,33785319,32475916,31404506,,20303665,34393408
705,,,34960007,29627323,33781754,32475820,31401268,,20211611,34392929
706,,,34959978,29615609,33775493,32475753,31395287,,20189712,34390493
707,,,34959908,29614684,33774161,32474374,31392433,,20152584,34389701
708,,,34959770,29610518,33772908,32473710,31387707,,20142635,34389292
709,,,34959746,29603541,33769491,32473245,31387330,,20114126,34387520
710,,,34959363,29593812,33767915,32470831,31387025,,20087482,34383402
711,,,34959305,29580826,33763324,32466773,31383366,,20085062,34382947
712,,,34959126,29577153,33762273,32464779,31382467,,20061234,34381362
713,,,34958284,29568686,33761625,32457394,31373720,,20056558,34381214
714,,,34958178,29562662,33760510,32448100,31373287,,20056114,34380489
715,,,34957864,29555190,33760476,32447799,31368021,,22128454,34380028
716,,,34957860,29551659,33756478,32444692,31357305,,20026182,34378485
717,,,34957493,29550545,33752126,32437549,31357295,,20010500,34377673
718,,,34957476,29540613,33746109,32435675,31355569,,19962354,34376643
719,,,34956455,29536165,33745510,32428993,31353516,,19952879,34375681
720,,,34956420,29526462,33741440,32427894,31350439,,19926597,34374223
721,,,34956088,29523142,33740331,32422539,31350303,,19917280,34373965
722,,,34955555,29518374,33730578,32418177,31338036,,19906270,34373742
723,,,34955552,29514054,33730188,32417688,31333136,,19904708,34373421
724,,,34955473,29507232,33728336,32417372,31331692,,19900234,34372839
725,,,34955116,29505875,33725905,32416155,31330574,,19821395,34372778
726,,,34954485,29501606,33725587,32415405,31322069,,19817512,34372768
727,,,34954484,29499190,33722748,32412744,31314129,,19802804,34371986
728,,,34953916,29489382,33719831,32409492,31307778,,19769598,34371798
729,,,34953655,29481660,33719227,32407845,31299174,,19697444,34368464
730,,,34953158,29474443,33714133,32407295,31280478,,19695292,34371008
731,,,34953147,29473979,33713721,32402066,31280436,,19672853,34370652
732,,,34953002,29453337,33713009,32400016,31250031,,19665520,34370593
733,,,34952840,29446769,33712379,32397166,31247506,,19652127,34370338
734,,,34952593,29442807,33709116,32393847,31243019,,19590385,34369715
735,,,34951710,29437698,33708861,32386501,31228801,,19588419,34369413
736,,,34951684,29435463,33707940,32381645,31220600,,19582986,34369296
737,,,34951654,29432676,33707081,32377919,31219946,,19557120,34368611
738,,,34951390,29428499,33706623,32377760,31205055,,19525604,34368476
739,,,34951366,29424027,33706101,32377518,31199960,,19485723,34368366
740,,,34951149,29423208,33705741,32374328,31196609,,19480610,34367469
741,,,34950996,29417940,33705650,32371144,31184304,,19422840,34367130
742,,,34950791,29410317,33703982,32366163,31184302,,19421063,34366886
743,,,34950774,29404958,33688229,32359123,31179342,,19405385,34365433
744,,,34950665,29403667,33687877,32358339,31173014,,19372035,34365318
745,,,34949783,29391240,33687402,32353414,31166707,,19366958,34364991
746,,,34949756,29389581,33685035,32352181,31161707,,19339356,34364830
747,,,34948369,29382127,33681089,32347153,31150686,,19321033,34363605
748,,,34948265,29378867,33679605,32339643,31148102,,19301937,34363464
749,,,34948234,29378116,33674561,32335083,31137773,,19236442,34362888
750,,,34946940,29374607,33672852,32332536,31134484,,19208440,34362813
751,,,34946835,29370692,33672062,32328174,31129356,,19208243,34362432
752,,,34946740,29341300,33671115,32323183,31128755,,19207920,34362364
753,,,34945591,29337308,33670177,32316573,31127206,,19195912,34362349
754,,,34945244,29303519,33670079,32315718,31124255,,19171730,34362037
755,,,34945126,29288571,33668635,32308759,31118576,,19150172,34360550
756,,,34945075,29288549,33664666,32305626,31102958,,19149522,34360322
757,,,34945026,29286329,33658981,32305466,31100018,,19089502,34359881
758,,,34944764,29263141,33658930,32302669,31096011,,19014205,34358830
759,,,34944763,29258915,33658295,32302049,31092394,,18992286,34358794
760,,,34944566,29255789,33656967,32301490,31091951,,18977630,34357880
761,,,34944538,29251925,33656046,32301275,31091684,,18977160,34353852
762,,,34944536,29251519,33655822,32291517,31091154,,18840374,34353101
763,,,34944525,29248482,33649950,32290886,31089475,,18838645,34352986
764,,,34944521,29246729,33649621,32287143,31088378,,18835927,34352722
765,,,34944390,29244487,33647796,32286474,31085744,,18796160,34350681
766,,,34944092,29239334,33647265,32284447,31082660,,18794257,34349026
767,,,34943978,29224179,33645989,32283665,31065656,,18774507,34348302
768,,,34943951,29224104,33645967,32279800,31064277,,18773755,34345195
769,,,34943836,29222447,33642218,32279476,31062264,,18760290,34342583
770,,,34943350,29222348,33641991,32277051,31060468,,18755547,34342165
771,,,34943221,29213501,33641964,32276903,31054591,,18690989,34341345
772,,,34943086,29211871,33639676,32275810,31048895,,18678126,34339682
773,,,34943023,29204886,33637880,32268802,31047941,,18673529,34338961
774,,,34942284,29182566,33634759,32259630,31041876,,18663162,34338409
775,,,34941170,29175324,33633280,32259603,31038150,,18563560,34338043
776,,,34941155,29165354,33631318,32256070,31036759,,18548137,34338041
777,,,34941042,29159976,33627633,32253901,31035003,,18491126,34337974
778,,,34940595,29158110,33627367,32248333,31032603,,18465423,34335266
779,,,34940565,29149835,33626072,32242780,31031630,,18457921,34334488
780,,,34940547,29147551,33624417,32242611,31028988,,18449949,34334083
781,,,34940528,29145032,33622304,32238304,31028814,,18439569,34333732
782,,,34940233,29138799,33622285,32233807,31022479,,18403218,34332621
783,,,34940006,29135508,33619007,32229331,31018442,,18399710,34332532
784,,,34939733,29115353,33618379,32229084,31012517,,18395890,34331688
785,,,34939700,29103177,33617269,32228174,31006935,,18379472,34331686
786,,,34939558,29096623,33616083,32218354,31003774,,18356405,34331217
787,,,34939442,29084677,33614980,32216291,31001934,,18350720,34329693
788,,,34939183,29079714,33613518,32210316,30997672,,18346060,34328855
789,,,34939016,29078167,33613155,32210168,30991910,,18338258,34328704
790,,,34938636,29072444,33613154,32207527,30988248,,18302302,34327461
791,,,34938272,29070797,33612315,32200667,30976165,,18299377,34326956
792,,,34938192,29070439,33611616,32197603,30967182,,18262450,34326364
793,,,34938095,29066284,33610418,32196541,30958922,,18242109,34326232
794,,,34937856,29050859,33609729,32193198,30958080,,18232181,34324868
795,,,34937537,29046394,33606525,32190176,30952494,,18200804,34321322
796,,,34937534,29043504,33605471,32186155,30947713,,18196226,34320834
797,,,34934622,29039485,33604315,32182574,30945843,,18176866,34319417
798,,,34934434,29035554,33603663,32182257,30942510,,18157921,34318874
799,,,34934118,29025405,33602249,32176450,30941478,,18090442,34315328
800,,,34933349,29023983,33598769,32172624,30940174,,18067987,34315137
801,,,34933204,29018129,33598184,32171979,30928231,,18053587,34314787
802,,,34932938,28988132,33597108,32171930,30926271,,17986677,34313771
803,,,34932928,28987311,33596993,32171728,30919768,,18039786,34313227
804,,,34931982,28984587,33595911,32170575,30912961,,18006491,34312684
805,,,34930532,28983871,33595665,32168435,30910373,,17963465,34311523
806,,,34930438,28973954,33594405,32167062,30908899,,17714115,34311521
807,,,34929746,28972881,33593709,32165592,30907399,,17714114,34311020
808,,,34929674,28968233,33592103,32165214,30885203,,17714113,34310013
809,,,34929508,28957343,33590526,32163478,30855110,,17897014,34309093
810,,,34929380,28951826,33590390,32154036,30851330,,17885444,34308944
811,,,34929019,28935176,33587296,32152499,30851197,,17876597,34308664
812,,,34928379,28934744,33586497,32149342,30847815,,17875242,34308121
813,,,34928108,28930609,33585194,32147433,30847581,,17873599,34306045
814,,,34927535,28928089,33581194,32145487,30845346,,17767396,34305819
815,,,34926623,28917147,33579666,32143048,30835273,,17762918,34303767
816,,,34926582,28917077,33578998,32141182,30822229,,17761517,34303334
817,,,34925588,28912603,33574823,32138507,30815757,,17728140,34301212
818,,,34925525,28905065,33573497,32135124,30808068,,17717222,34300296
819,,,34925337,28899812,33573178,32134138,30805658,,17715763,34300244
820,,,34925317,28893208,33572770,32132871,30804582,,17714823,34299638
821,,,34924774,28892816,33569908,32129603,30804231,,17674895,34299225
822,,,34924163,28890694,33569804,32129362,30797815,,18667140,34295984
823,,,34924035,28877460,33569010,32126734,30796906,,17662714,34295258
824,,,34923951,28852028,33567774,32126348,30795543,,17639617,34293470
825,,,34923911,28851981,33567710,32124821,30786276,,17631400,34289381
826,,,34923473,28849254,33567701,32120123,30781350,,17617497,34289142
827,,,34923463,28844871,33566311,32115853,30776576,,17608681,34288415
828,,,34922902,28834086,33562498,32114843,30772502,,17600364,34285701
829,,,34922707,28824418,33562475,32114252,30772439,,17593238,34285470
830,,,34922694,28823120,33562154,32113543,30767644,,17570434,34285436
831,,,34922690,28822176,33561215,32111490,30760847,,17568762,34285139
832,,,34922684,28814132,33558642,32107314,32255099,,17553848,34284392
833,,,34922553,28811318,33555137,32104545,30747057,,17514358,34284269
834,,,34922422,28808140,33554773,32104528,30738039,,17490624,34282598
835,,,34922334,28798389,33552541,32103904,30737030,,17475465,34282342
836,,,34922198,28787568,33546300,32102422,30733330,,17472422,34282152
837,,,34921569,28786287,33545549,32099842,30724629,,17451072,34281467
838,,,34920579,28778718,33545391,32095072,30720240,,17430838,34280031
839,,,34920463,28768713,33544528,32093214,30712966,,20711395,34278746
840,,,34920200,28765400,33543815,32090041,30710657,,17352515,34277669
841,,,34920199,28764741,33541559,32089264,30700742,,17337914,34277588
842,,,34920154,28762615,33540300,32088396,30690396,,17336855,34276355
843,,,34919901,28760652,33539017,32087528,30690040,,17320057,34274141
844,,,34919794,28755024,33537464,32083455,32254787,,17314587,34274001
845,,,34918690,28754022,33535652,32077075,30684332,,17277866,34273031
846,,,34918640,28719238,33534533,32076917,30679184,,17270113,34272254
847,,,34918330,28714403,33534060,32069739,30677843,,17257476,34270619
848,,,34917989,28710249,33530854,32068794,30668991,,17256424,34268381
849,,,34917917,28702523,33530554,32067945,30668418,,17249635,34267549
850,,,34917914,28696548,33529726,32066652,30664971,,17218355,34262530
851,,,34917235,28685682,33524991,32066294,30664212,,17213013,34261397
852,,,34917033,28681964,33524315,32064023,30662993,,17194277,34261001
853,,,34916823,28673587,33521051,32058155,30647447,,17194262,34260232
854,,,34916611,28655613,33521039,32053807,30641700,,17187935,34258694
855,,,34916442,28655134,33515751,32048108,30633874,,17167787,34258295
856,,,34916370,28652187,33513420,32036812,30630689,,17157775,34257700
857,,,34916147,28649604,33513399,32031980,30625362,,17151307,34257098
858,,,34915838,28645936,33511948,32029482,30625305,,17144644,34256844
859,,,34915605,28635419,33508846,32021349,30618154,,17139587,34255273
860,,,34915505,28635330,33508764,32017160,30616110,,17124432,34255113
861,,,34913992,28634451,33503985,32016844,30605905,,17065533,34255031
862,,,34912763,28624654,33503568,32012348,30605400,,17060567,34253432
863,,,34912454,28617071,33500106,32010327,30602386,,17022516,34251716
864,,,34912428,28610945,33499378,32004602,30602303,,17014595,34249265
865,,,34912302,28602716,33491030,32001268,30599267,,16920081,34248897
866,,,34912295,28601647,33488888,31996548,30598148,,16875290,34248840
867,,,34912223,28598015,33488074,31993550,30598026,,16872231,34248037
868,,,34912022,28596970,33483762,31991895,30591971,,16815978,34247637
869,,,34911905,28589443,33482440,31980846,30591819,,16774459,34245933
870,,,34911880,28582864,33482284,31976031,30591520,,16772200,34245890
871,,,34911523,28582855,33475091,31972252,30590050,,16750796,34245675
872,,,34911517,28576073,33475089,31972170,30587690,,16648811,34244550
873,,,34911470,28574494,33473013,31970899,30583218,,16573556,34243780
874,,,34911465,30023655,33470492,31967622,30582850,,16567513,34242221
875,,,34911421,28551028,33470120,31963760,30582404,,16555059,34241806
876,,,34911174,28534431,33465804,31960366,30577559,,16553617,34240829
877,,,34910755,28527712,33464156,31956332,30566641,,16525916,34240614
878,,,34910443,28505316,33463920,31955370,30565679,,16503704,34240316
879,,,34910381,28505155,33463892,31955145,30562475,,16466332,34239442
880,,,34910208,28499972,33462371,31954804,30559106,,16452899,34238472
881,,,34910204,28498720,33460632,31948746,30557564,,16443922,34238462
882,,,34909956,28478482,33459523,31946735,30556504,,16430342,34238444
883,,,34909683,28467789,33455843,31943002,30555088,,16397976,34238353
884,,,34909682,28465284,33455497,31941576,30545309,,16389718,34236862
885,,,34909589,28441961,33450885,31940332,30543678,,16338174,34235245
886,,,34909039,28438778,33450076,31940026,30523576,,16325247,34234594
887,,,34907913,28427866,33444720,31936746,30536661,,16313277,34234365
888,,,34907912,28422298,33444161,31935365,30533579,,16303903,34234216
889,,,34907520,28422052,33442532,31930828,30530908,,16291784,34232412
890,,,34907199,28413044,33439078,31926623,30529303,,16288079,34230991
891,,,34907049,28401370,33438572,31922200,30519937,,16275837,34229668
892,,,34906791,28399705,33437773,31914828,30517676,,16266355,34228289
893,,,34906636,28399252,33435264,31914697,30517288,,16262002,34228283
894,,,34905518,28372330,33434516,31910027,30513787,,16244373,34227777
895,,,34904553,28368485,33434155,31904443,30510624,,16234878,34227232
896,,,34904519,28359369,33433360,31904285,30500110,,16234874,34226638
897,,,34904501,28349255,33433056,31904280,30486325,,16215950,34226023
898,,,34904160,28348116,33429063,31904108,30485708,,16103866,34225937
899,,,34904074,28337562,33427267,31902439,30478793,,16050051,34225532
900,,,34904048,28335021,33425484,31901726,30474657,,16027555,34224697
901,,,34903856,28332877,33424043,31897456,30468944,,15999779,34222698
902,,,34903063,28332351,33422385,31896157,30468809,,15981312,34221234
903,,,34902976,28324102,33422063,31892956,30450513,,15950877,34220701
904,,,34902439,28322572,33421302,31890010,30444015,,15928261,34219390
905,,,34902230,28319103,33421258,31889469,30439564,,15927394,34218631
906,,,34902078,28317461,33418570,31888262,30431460,,15911152,34217756
907,,,34902074,28315374,33413911,33905470,30429676,,15903291,34217587
908,,,34902067,28301218,33412473,31886264,30423518,,15898613,34216766
909,,,34902065,28300592,33412159,31883534,30395577,,15892290,34214506
910,,,34902056,28298172,33411988,31881657,30393215,,15841425,34214305
911,,,34902055,28297133,33409975,31880113,30391593,,15826997,34212290
912,,,34901269,28287098,33404530,31875960,30388537,,15820913,34211157
913,,,34900827,28287093,33402819,31872641,30388376,,15806748,34210409
914,,,34900825,28276776,33401897,31872502,30385152,,15805337,34210000
915,,,34900817,28274676,33401711,31868944,30366036,,15780189,34209501
916,,,34900812,28273645,33399988,31865242,30365609,,15778098,34209454
917,,,34900805,28269785,33399849,31863220,30362420,,15772928,34208379
918,,,34900804,28253990,33399607,31858186,30360409,,15745842,34208360
919,,,34900790,28238190,33399485,31852261,30360050,,15658522,34207498
920,,,34900786,28230965,33398164,31849450,30347717,,15653287,34207441
921,,,34900779,28223444,33397369,31849037,30339883,,15636078,34207221
922,,,34900771,28220836,33397237,31845444,30339870,,15633627,34206641
923,,,34900770,28198575,33396845,31845207,30338666,,15596757,34206537
924,,,34900083,28187308,33396718,31844950,30333969,,15563250,34205752
925,,,34899863,28176628,33396555,31841043,30320895,,15554747,34205679
926,,,34899702,28164774,33396145,31838079,30320739,,15553102,34205609
927,,,34899610,28159831,33395372,31828170,30318971,,15531005,34204153
928,,,34899605,28154265,33395297,31828160,30316976,,15526650,34203728
929,,,34899278,28147245,33392871,31826505,30315849,,15470076,34201703
930,,,34899134,28137222,33389459,31825949,30314265,,15384680,34201257
931,,,34898994,28124586,33389429,31823935,30306338,,15336946,34200146
932,,,34898373,28119515,33388735,31823816,30299960,,15291246,34200102
933,,,34898136,28106562,33387601,31822686,30296701,,15288403,34198457
934,,,34898093,28106068,33387571,31813922,30294825,,15277393,34198047
935,,,34898062,28093241,33387285,31809967,30292312,,15265470,34197915
936,,,34897418,28090046,33386799,31806622,30292239,,15231468,34197875
937,,,34897013,28078343,33383022,31805910,30291941,,15211988,34196872
938,,,34896919,28074190,33382410,31800556,30282510,,15193359,34195880
939,,,34896343,28071832,33382396,31799636,30279254,,15172081,34194608
940,,,34896263,28062560,33381907,31798892,30274022,,15106132,34194389
941,,,34896034,28061383,33381523,31797133,30273706,,15094074,34193609
942,,,34895977,28058779,33380657,31795363,30272307,,14991460,34193056
943,,,34895951,28054630,33380586,31794260,30267825,,14965845,34192748
944,,,34895322,28044060,33378965,31794124,30262932,,14750908,34192590
945,,,34895017,28034783,33378964,31793767,30261000,,14744819,34192533
946,,,34894232,28017255,33378048,31791197,30246649,,14727970,34192532
947,,,34894065,28000098,33374738,31785959,30240201,,14702509,34191626
948,,,34893425,27997176,33374338,31776944,30240139,,14679506,34187442
949,,,34893351,27997158,33373432,31775094,30233781,,14664664,34186555
950,,,34892339,27990002,33372981,31774631,30233176,,14661918,34186544
951,,,34891806,27988872,33367744,31774182,30229712,,14655505,34186204
952,,,34891730,27935715,33364804,31772713,34996199,,14643843,34185708
953,,,34891678,27930980,33363537,31768475,30218811,,14628002,34185279
954,,,34891542,27923524,33361692,31766976,30217069,,14593962,34183538
955,,,34891536,27911319,33359679,31763023,30213304,,14577176,34183428
956,,,34891482,27911310,33359606,31759113,30212220,,12916162,34183012
957,,,34891200,27884659,33359401,31759099,30212201,,12906348,34182613
958,,,34890648,27884163,33357895,31759066,30211692,,12873612,34182427
959,,,34890419,27882091,33357875,31758873,30210654,,12790304,34178871
960,,,34889877,27866224,33355246,31756066,30207783,,12727329,34177928
961,,,34889064,27865831,33353303,31746030,30205799,,12707430,34177811
962,,,34888323,27863851,33352682,31741437,30205097,,12685875,34177086
963,,,34888198,27854243,33351885,31737665,30199242,,12663099,34175449
964,,,34888086,27852410,33348841,31737629,30188871,,12650740,34173739
965,,,34888018,27844077,33347566,31736185,30179137,,12638118,34173346
966,,,34888014,27837397,33346486,31734667,30173586,,12637113,34171330
967,,,34888013,27829662,33341220,31733101,30172747,,12591121,34171123
968,,,34888010,27814628,33338411,31730865,30169672,,12583783,34169656
969,,,34887872,27812546,33338029,31730524,30168293,,12579648,34168723
970,,,34887659,27810390,33335512,31726870,30168046,,12577253,34168217
971,,,34887283,27743934,33334875,31726250,30165782,,12544554,34167955
972,,,34887271,27645921,33329403,31723456,30156080,,12522323,34165031
973,,,34886737,27804051,33325044,31721437,30148611,,12490826,34164723
974,,,34886383,27791129,33325008,31712187,30146675,,12452735,34164427
975,,,34886259,27759128,33321116,31706652,30145789,,12438544,34163679
976,,,34885698,27321428,33320449,31698979,30144888,,12426407,34163468
977,,,34885660,27776993,33319826,31698080,30143226,,12410060,34163433
978,,,34885089,27785911,33317506,31697935,30139743,,12388658,34162165
979,,,34884797,27773683,33315051,31691101,30132841,,12387093,34160382
980,,,34884717,27768903,33312058,31690508,30130976,,12383038,34158655
981,,,34884651,27639960,33310174,31689454,30129099,,12381547,34155997
982,,,34884571,27763482,33309385,31686002,30125508,,12373865,34155972
983,,,34884524,27739227,33308601,31685436,30119178,,12242176,34154885
984,,,34884501,27159045,33307136,31683780,30113159,,12097796,34153785
985,,,34884494,27754964,33303821,31683362,30100655,,12093324,34153376
986,,,34883118,27730513,33303636,31680536,30098547,,12021050,34153226
987,,,34882862,27697060,33299532,31678493,30098304,,11989965,34152422
988,,,34882677,27695899,33294298,31678284,30088840,,11900629,34152002
989,,,34882353,27656136,33294004,31676569,30066952,,11813268,34150795
990,,,34882233,27648144,33292959,31671245,30062823,,11795122,34149878
991,,,34881702,27641082,33292434,31669668,30062041,,11735653,34149694
992,,,34881312,27638784,33289929,31669609,30058546,,11723049,34149620
993,,,34880907,27635944,33288184,31669241,30054493,,11717710,34148917
994,,,34880411,27624579,33284460,31667906,30046379,,11711035,34145843
995,,,34880065,27620179,33280417,31659307,30038465,,11702509,34144091
996,,,34879878,27612847,33280239,31654972,30038053,,11688239,34143451
997,,,34879839,27612394,33276482,31654796,30037858,,11579968,34143299
998,,,34877659,27607147,33276057,31652638,30035421,,11552003,34140951
999,,,34877411,27605038,33273482,31652143,30035128,,11532331,34140100
1000,,,,,,,,,,
1001,,,,,,,,,,
1002,,,,,,,,,,
1003,,,,,,,,,,
1004,,,,,,,,,,
1005,,,,,,,,,,
1006,,,,,,,,,,
1007,,,,,,,,,,
1008,,,,,,,,,,
1009,,,,,,,,,,
1010,,,,,,,,,,
1011,,,,,,,,,,
1012,,,,,,,,,,
1013,,,,,,,,,,
1014,,,,,,,,,,
1015,,,,,,,,,,
1016,,,,,,,,,,
1017,,,,,,,,,,
1018,,,,,,,,,,
1019,,,,,,,,,,
1020,,,,,,,,,,
1021,,,,,,,,,,
1022,,,,,,,,,,
1023,,,,,,,,,,
1024,,,,,,,,,,
1025,,,,,,,,,,
1026,,,,,,,,,,
1027,,,,,,,,,,
1028,,,,,,,,,,
1029,,,,,,,,,,
1030,,,,,,,,,,
1031,,,,,,,,,,
1032,,,,,,,,,,
1033,,,,,,,,,,
1034,,,,,,,,,,
1035,,,,,,,,,,
1036,,,,,,,,,,
1037,,,,,,,,,,
1038,,,,,,,,,,
1039,,,,,,,,,,
1040,,,,,,,,,,
1041,,,,,,,,,,
1042,,,,,,,,,,
1043,,,,,,,,,,
1044,,,,,,,,,,
1045,,,,,,,,,,
1046,,,,,,,,,,
1047,,,,,,,,,,
1048,,,,,,,,,,
1049,,,,,,,,,,
1050,,,,,,,,,,
1051,,,,,,,,,,
1052,,,,,,,,,,
1053,,,,,,,,,,
1054,,,,,,,,,,
1055,,,,,,,,,,
1056,,,,,,,,,,
1057,,,,,,,,,,
1058,,,,,,,,,,
1059,,,,,,,,,,
1060,,,,,,,,,,
1061,,,,,,,,,,
1062,,,,,,,,,,
1063,,,,,,,,,,
1064,,,,,,,,,,
1065,,,,,,,,,,
1066,,,,,,,,,,
1067,,,,,,,,,,
1068,,,,,,,,,,
1069,,,,,,,,,,
1070,,,,,,,,,,
1071,,,,,,,,,,
1072,,,,,,,,,,
1073,,,,,,,,,,
1074,,,,,,,,,,
1075,,,,,,,,,,
1076,,,,,,,,,,
1077,,,,,,,,,,
1078,,,,,,,,,,
1079,,,,,,,,,,
1080,,,,,,,,,,
1081,,,,,,,,,,
1082,,,,,,,,,,
1083,,,,,,,,,,
1084,,,,,,,,,,
1085,,,,,,,,,,
1086,,,,,,,,,,
1087,,,,,,,,,,
1088,,,,,,,,,,
1089,,,,,,,,,,
1090,,,,,,,,,,
1091,,,,,,,,,,
1092,,,,,,,,,,
1093,,,,,,,,,,
1094,,,,,,,,,,
1095,,,,,,,,,,
1096,,,,,,,,,,
1097,,,,,,,,,,
1098,,,,,,,,,,
1099,,,,,,,,,,
1100,,,,,,,,,,
1101,,,,,,,,,,
1102,,,,,,,,,,
1103,,,,,,,,,,
1104,,,,,,,,,,
1105,,,,,,,,,,
1106,,,,,,,,,,
1107,,,,,,,,,,
1108,,,,,,,,,,
1109,,,,,,,,,,
1110,,,,,,,,,,
1111,,,,,,,,,,
1112,,,,,,,,,,
1113,,,,,,,,,,
1114,,,,,,,,,,
1115,,,,,,,,,,
1116,,,,,,,,,,
1117,,,,,,,,,,
1118,,,,,,,,,,
1119,,,,,,,,,,
1120,,,,,,,,,,
1121,,,,,,,,,,
1122,,,,,,,,,,
1123,,,,,,,,,,
1124,,,,,,,,,,
1125,,,,,,,,,,
1126,,,,,,,,,,
1127,,,,,,,,,,
1128,,,,,,,,,,
1129,,,,,,,,,,
1130,,,,,,,,,,
1131,,,,,,,,,,
1132,,,,,,,,,,
1133,,,,,,,,,,
1134,,,,,,,,,,
1135,,,,,,,,,,
1136,,,,,,,,,,
1137,,,,,,,,,,
1138,,,,,,,,,,
1139,,,,,,,,,,
1140,,,,,,,,,,
1141,,,,,,,,,,
1142,,,,,,,,,,
1143,,,,,,,,,,
1144,,,,,,,,,,
1145,,,,,,,,,,
1146,,,,,,,,,,
1147,,,,,,,,,,
1148,,,,,,,,,,
1149,,,,,,,,,,
1150,,,,,,,,,,
1151,,,,,,,,,,
1152,,,,,,,,,,
1153,,,,,,,,,,
1154,,,,,,,,,,
1155,,,,,,,,,,
1156,,,,,,,,,,
1157,,,,,,,,,,
1158,,,,,,,,,,
1159,,,,,,,,,,
1160,,,,,,,,,,
1161,,,,,,,,,,
1162,,,,,,,,,,
1163,,,,,,,,,,
1164,,,,,,,,,,
1165,,,,,,,,,,
1166,,,,,,,,,,
1167,,,,,,,,,,
1168,,,,,,,,,,
1169,,,,,,,,,,
1170,,,,,,,,,,
1171,,,,,,,,,,
1172,,,,,,,,,,
1173,,,,,,,,,,
1174,,,,,,,,,,
1175,,,,,,,,,,
1176,,,,,,,,,,
1177,,,,,,,,,,
1178,,,,,,,,,,
1179,,,,,,,,,,
1180,,,,,,,,,,
1181,,,,,,,,,,
1182,,,,,,,,,,
1183,,,,,,,,,,
1184,,,,,,,,,,
1185,,,,,,,,,,
1186,,,,,,,,,,
1187,,,,,,,,,,
1188,,,,,,,,,,
1189,,,,,,,,,,
1190,,,,,,,,,,
1191,,,,,,,,,,
1192,,,,,,,,,,
1193,,,,,,,,,,
1194,,,,,,,,,,
1195,,,,,,,,,,
1196,,,,,,,,,,
1197,,,,,,,,,,
1198,,,,,,,,,,
1199,,,,,,,,,,
1200,,,,,,,,,,
1201,,,,,,,,,,
1202,,,,,,,,,,
1203,,,,,,,,,,
1204,,,,,,,,,,
1205,,,,,,,,,,
1206,,,,,,,,,,
1207,,,,,,,,,,
1208,,,,,,,,,,
1209,,,,,,,,,,
1210,,,,,,,,,,
1211,,,,,,,,,,
1212,,,,,,,,,,
1213,,,,,,,,,,
1214,,,,,,,,,,
1215,,,,,,,,,,
1216,,,,,,,,,,
1217,,,,,,,,,,
1218,,,,,,,,,,
1219,,,,,,,,,,
1220,,,,,,,,,,
1221,,,,,,,,,,
1222,,,,,,,,,,
1223,,,,,,,,,,
1224,,,,,,,,,,
1225,,,,,,,,,,
1226,,,,,,,,,,
1227,,,,,,,,,,
1228,,,,,,,,,,
1229,,,,,,,,,,
1230,,,,,,,,,,
1231,,,,,,,,,,
1232,,,,,,,,,,
1233,,,,,,,,,,
1234,,,,,,,,,,
1235,,,,,,,,,,
1236,,,,,,,,,,
1237,,,,,,,,,,
1238,,,,,,,,,,
1239,,,,,,,,,,
1240,,,,,,,,,,
1241,,,,,,,,,,
1242,,,,,,,,,,
1243,,,,,,,,,,
1244,,,,,,,,,,
1245,,,,,,,,,,
1246,,,,,,,,,,
1247,,,,,,,,,,
1248,,,,,,,,,,
1249,,,,,,,,,,
1250,,,,,,,,,,
1251,,,,,,,,,,
1252,,,,,,,,,,
1253,,,,,,,,,,
1254,,,,,,,,,,
1255,,,,,,,,,,
1256,,,,,,,,,,
1257,,,,,,,,,,
1258,,,,,,,,,,
1259,,,,,,,,,,
1260,,,,,,,,,,
1261,,,,,,,,,,
1262,,,,,,,,,,
1263,,,,,,,,,,
1264,,,,,,,,,,
1265,,,,,,,,,,
1266,,,,,,,,,,
1267,,,,,,,,,,
1268,,,,,,,,,,
1269,,,,,,,,,,
1270,,,,,,,,,,
1271,,,,,,,,,,
1272,,,,,,,,,,
1273,,,,,,,,,,
1274,,,,,,,,,,
1275,,,,,,,,,,
1276,,,,,,,,,,
1277,,,,,,,,,,
1278,,,,,,,,,,
1279,,,,,,,,,,
1280,,,,,,,,,,
1281,,,,,,,,,,
1282,,,,,,,,,,
1283,,,,,,,,,,
1284,,,,,,,,,,
1285,,,,,,,,,,
1286,,,,,,,,,,
1287,,,,,,,,,,
1288,,,,,,,,,,
1289,,,,,,,,,,
1290,,,,,,,,,,
1291,,,,,,,,,,
1292,,,,,,,,,,
1293,,,,,,,,,,
1294,,,,,,,,,,
1295,,,,,,,,,,
1296,,,,,,,,,,
1297,,,,,,,,,,
1298,,,,,,,,,,
1299,,,,,,,,,,
1300,,,,,,,,,,
1301,,,,,,,,,,
1302,,,,,,,,,,
1303,,,,,,,,,,
1304,,,,,,,,,,
1305,,,,,,,,,,
1306,,,,,,,,,,
1307,,,,,,,,,,
1308,,,,,,,,,,
1309,,,,,,,,,,
1310,,,,,,,,,,
1311,,,,,,,,,,
1312,,,,,,,,,,
1313,,,,,,,,,,
1314,,,,,,,,,,
1315,,,,,,,,,,
1316,,,,,,,,,,
1317,,,,,,,,,,
1318,,,,,,,,,,
1319,,,,,,,,,,
1320,,,,,,,,,,
1321,,,,,,,,,,
1322,,,,,,,,,,
1323,,,,,,,,,,
1324,,,,,,,,,,
1325,,,,,,,,,,
1326,,,,,,,,,,
1327,,,,,,,,,,
1328,,,,,,,,,,
1329,,,,,,,,,,
1330,,,,,,,,,,
1331,,,,,,,,,,
1332,,,,,,,,,,
1333,,,,,,,,,,
1334,,,,,,,,,,
1335,,,,,,,,,,
1336,,,,,,,,,,
1337,,,,,,,,,,
1338,,,,,,,,,,
1339,,,,,,,,,,
1340,,,,,,,,,,
1341,,,,,,,,,,
1342,,,,,,,,,,
1343,,,,,,,,,,
1344,,,,,,,,,,
1345,,,,,,,,,,
1346,,,,,,,,,,
1347,,,,,,,,,,
1348,,,,,,,,,,
1349,,,,,,,,,,
1350,,,,,,,,,,
1351,,,,,,,,,,
1352,,,,,,,,,,
1353,,,,,,,,,,
1354,,,,,,,,,,
1355,,,,,,,,,,
1356,,,,,,,,,,
1357,,,,,,,,,,
1358,,,,,,,,,,
1359,,,,,,,,,,
1360,,,,,,,,,,
1361,,,,,,,,,,
1362,,,,,,,,,,
1363,,,,,,,,,,
1364,,,,,,,,,,
1365,,,,,,,,,,
1366,,,,,,,,,,
1367,,,,,,,,,,
1368,,,,,,,,,,
1369,,,,,,,,,,
1370,,,,,,,,,,
1371,,,,,,,,,,
1372,,,,,,,,,,
1373,,,,,,,,,,
1374,,,,,,,,,,
1375,,,,,,,,,,
1376,,,,,,,,,,
1377,,,,,,,,,,
1378,,,,,,,,,,
1379,,,,,,,,,,
1380,,,,,,,,,,
1381,,,,,,,,,,
1382,,,,,,,,,,
1383,,,,,,,,,,
1384,,,,,,,,,,
1385,,,,,,,,,,
1386,,,,,,,,,,
1387,,,,,,,,,,
1388,,,,,,,,,,
1389,,,,,,,,,,
1390,,,,,,,,,,
1391,,,,,,,,,,
1392,,,,,,,,,,
1393,,,,,,,,,,
1394,,,,,,,,,,
1395,,,,,,,,,,
1396,,,,,,,,,,
1397,,,,,,,,,,
1398,,,,,,,,,,
1399,,,,,,,,,,
1400,,,,,,,,,,
1401,,,,,,,,,,
1402,,,,,,,,,,
1403,,,,,,,,,,
1404,,,,,,,,,,
1405,,,,,,,,,,
1406,,,,,,,,,,
1407,,,,,,,,,,
1408,,,,,,,,,,
1409,,,,,,,,,,
1410,,,,,,,,,,
1411,,,,,,,,,,
1412,,,,,,,,,,
1413,,,,,,,,,,
1414,,,,,,,,,,
1415,,,,,,,,,,
1416,,,,,,,,,,
1417,,,,,,,,,,
1418,,,,,,,,,,
1419,,,,,,,,,,
1420,,,,,,,,,,
1421,,,,,,,,,,
1422,,,,,,,,,,
1423,,,,,,,,,,
1424,,,,,,,,,,
1425,,,,,,,,,,
1426,,,,,,,,,,
1427,,,,,,,,,,
1428,,,,,,,,,,
1429,,,,,,,,,,
1430,,,,,,,,,,
1431,,,,,,,,,,
1432,,,,,,,,,,
1433,,,,,,,,,,
1434,,,,,,,,,,
1435,,,,,,,,,,
1436,,,,,,,,,,
1437,,,,,,,,,,
1438,,,,,,,,,,
1439,,,,,,,,,,
1440,,,,,,,,,,
1441,,,,,,,,,,
1442,,,,,,,,,,
1443,,,,,,,,,,
1444,,,,,,,,,,
1445,,,,,,,,,,
1446,,,,,,,,,,
1447,,,,,,,,,,
1448,,,,,,,,,,
1449,,,,,,,,,,
1450,,,,,,,,,,
1451,,,,,,,,,,
1452,,,,,,,,,,
1453,,,,,,,,,,
1454,,,,,,,,,,
1455,,,,,,,,,,
1456,,,,,,,,,,
1457,,,,,,,,,,
1458,,,,,,,,,,
1459,,,,,,,,,,
1460,,,,,,,,,,
1461,,,,,,,,,,
1462,,,,,,,,,,
1463,,,,,,,,,,
1464,,,,,,,,,,
1465,,,,,,,,,,
1466,,,,,,,,,,
1467,,,,,,,,,,
1468,,,,,,,,,,
1469,,,,,,,,,,
1470,,,,,,,,,,
1471,,,,,,,,,,
1472,,,,,,,,,,
1473,,,,,,,,,,
1474,,,,,,,,,,
1475,,,,,,,,,,
1476,,,,,,,,,,
1477,,,,,,,,,,
1478,,,,,,,,,,
1479,,,,,,,,,,
1480,,,,,,,,,,
1481,,,,,,,,,,
1482,,,,,,,,,,
1483,,,,,,,,,,
1484,,,,,,,,,,
1485,,,,,,,,,,
1486,,,,,,,,,,
1487,,,,,,,,,,
1488,,,,,,,,,,
1489,,,,,,,,,,
1490,,,,,,,,,,
1491,,,,,,,,,,
1492,,,,,,,,,,
1493,,,,,,,,,,
1494,,,,,,,,,,
1495,,,,,,,,,,
1496,,,,,,,,,,
1497,,,,,,,,,,
1498,,,,,,,,,,
1499,,,,,,,,,,
1500,,,,,,,,,,
1501,,,,,,,,,,
1502,,,,,,,,,,
1503,,,,,,,,,,
1504,,,,,,,,,,
1505,,,,,,,,,,
1506,,,,,,,,,,
1507,,,,,,,,,,
1508,,,,,,,,,,
1509,,,,,,,,,,
1510,,,,,,,,,,
1511,,,,,,,,,,
1512,,,,,,,,,,
1513,,,,,,,,,,
1514,,,,,,,,,,
1515,,,,,,,,,,
1516,,,,,,,,,,
1517,,,,,,,,,,
1518,,,,,,,,,,
1519,,,,,,,,,,
1520,,,,,,,,,,
1521,,,,,,,,,,
1522,,,,,,,,,,
1523,,,,,,,,,,
1524,,,,,,,,,,
1525,,,,,,,,,,
1526,,,,,,,,,,
1527,,,,,,,,,,
1528,,,,,,,,,,
1529,,,,,,,,,,
1530,,,,,,,,,,
1531,,,,,,,,,,
1532,,,,,,,,,,
1533,,,,,,,,,,
1534,,,,,,,,,,
1535,,,,,,,,,,
1536,,,,,,,,,,
1537,,,,,,,,,,
1538,,,,,,,,,,
1539,,,,,,,,,,
1540,,,,,,,,,,
1541,,,,,,,,,,
1542,,,,,,,,,,
1543,,,,,,,,,,
1544,,,,,,,,,,
1545,,,,,,,,,,
1546,,,,,,,,,,
1547,,,,,,,,,,
1548,,,,,,,,,,
1549,,,,,,,,,,
1550,,,,,,,,,,
1551,,,,,,,,,,
1552,,,,,,,,,,
1553,,,,,,,,,,
1554,,,,,,,,,,
1555,,,,,,,,,,
1556,,,,,,,,,,
1557,,,,,,,,,,
1558,,,,,,,,,,
1559,,,,,,,,,,
1560,,,,,,,,,,
1561,,,,,,,,,,
1562,,,,,,,,,,
1563,,,,,,,,,,
1564,,,,,,,,,,
1565,,,,,,,,,,
1566,,,,,,,,,,
1567,,,,,,,,,,
1568,,,,,,,,,,
1569,,,,,,,,,,
1570,,,,,,,,,,
1571,,,,,,,,,,
1572,,,,,,,,,,
1573,,,,,,,,,,
1574,,,,,,,,,,
1575,,,,,,,,,,
1576,,,,,,,,,,
1577,,,,,,,,,,
1578,,,,,,,,,,
1579,,,,,,,,,,
1580,,,,,,,,,,
1581,,,,,,,,,,
1582,,,,,,,,,,
1583,,,,,,,,,,
1584,,,,,,,,,,
1585,,,,,,,,,,
1586,,,,,,,,,,
1587,,,,,,,,,,
1588,,,,,,,,,,
1589,,,,,,,,,,
1590,,,,,,,,,,
1591,,,,,,,,,,
1592,,,,,,,,,,
1593,,,,,,,,,,
1594,,,,,,,,,,
1595,,,,,,,,,,
1596,,,,,,,,,,
1597,,,,,,,,,,
1598,,,,,,,,,,
1599,,,,,,,,,,
1600,,,,,,,,,,
1601,,,,,,,,,,
1602,,,,,,,,,,
1603,,,,,,,,,,
1604,,,,,,,,,,
1605,,,,,,,,,,
1606,,,,,,,,,,
1607,,,,,,,,,,
1608,,,,,,,,,,
1609,,,,,,,,,,
1610,,,,,,,,,,
1611,,,,,,,,,,
1612,,,,,,,,,,
1613,,,,,,,,,,
1614,,,,,,,,,,
1615,,,,,,,,,,
1616,,,,,,,,,,
1617,,,,,,,,,,
1618,,,,,,,,,,
1619,,,,,,,,,,
1620,,,,,,,,,,
1621,,,,,,,,,,
1622,,,,,,,,,,
1623,,,,,,,,,,
1624,,,,,,,,,,
1625,,,,,,,,,,
1626,,,,,,,,,,
1627,,,,,,,,,,
1628,,,,,,,,,,
1629,,,,,,,,,,
1630,,,,,,,,,,
1631,,,,,,,,,,
1632,,,,,,,,,,
1633,,,,,,,,,,
1634,,,,,,,,,,
1635,,,,,,,,,,
1636,,,,,,,,,,
1637,,,,,,,,,,
1638,,,,,,,,,,
1639,,,,,,,,,,
1640,,,,,,,,,,
1641,,,,,,,,,,
1642,,,,,,,,,,
1643,,,,,,,,,,
1644,,,,,,,,,,
1645,,,,,,,,,,
1646,,,,,,,,,,
1647,,,,,,,,,,
1648,,,,,,,,,,
1649,,,,,,,,,,
1650,,,,,,,,,,
1651,,,,,,,,,,
1652,,,,,,,,,,
1653,,,,,,,,,,
1654,,,,,,,,,,
1655,,,,,,,,,,
1656,,,,,,,,,,
1657,,,,,,,,,,
1658,,,,,,,,,,
1659,,,,,,,,,,
1660,,,,,,,,,,
1661,,,,,,,,,,
1662,,,,,,,,,,
1663,,,,,,,,,,
1664,,,,,,,,,,
1665,,,,,,,,,,
1666,,,,,,,,,,
1667,,,,,,,,,,
1668,,,,,,,,,,
1669,,,,,,,,,,
1670,,,,,,,,,,
1671,,,,,,,,,,
1672,,,,,,,,,,
1673,,,,,,,,,,
1674,,,,,,,,,,
1675,,,,,,,,,,
1676,,,,,,,,,,
1677,,,,,,,,,,
1678,,,,,,,,,,
1679,,,,,,,,,,
1680,,,,,,,,,,
1681,,,,,,,,,,
1682,,,,,,,,,,
1683,,,,,,,,,,
1684,,,,,,,,,,
1685,,,,,,,,,,
1686,,,,,,,,,,
1687,,,,,,,,,,
1688,,,,,,,,,,
1689,,,,,,,,,,
1690,,,,,,,,,,
1691,,,,,,,,,,
1692,,,,,,,,,,
1693,,,,,,,,,,
1694,,,,,,,,,,
1695,,,,,,,,,,
1696,,,,,,,,,,
1697,,,,,,,,,,
1698,,,,,,,,,,
1699,,,,,,,,,,
1700,,,,,,,,,,
1701,,,,,,,,,,
1702,,,,,,,,,,
1703,,,,,,,,,,
1704,,,,,,,,,,
1705,,,,,,,,,,
1706,,,,,,,,,,
1707,,,,,,,,,,
1708,,,,,,,,,,
1709,,,,,,,,,,
1710,,,,,,,,,,
1711,,,,,,,,,,
1712,,,,,,,,,,
1713,,,,,,,,,,
1714,,,,,,,,,,
1715,,,,,,,,,,
1716,,,,,,,,,,
1717,,,,,,,,,,
1718,,,,,,,,,,
1719,,,,,,,,,,
1720,,,,,,,,,,
1721,,,,,,,,,,
1722,,,,,,,,,,
1723,,,,,,,,,,
1724,,,,,,,,,,
1725,,,,,,,,,,
1726,,,,,,,,,,
1727,,,,,,,,,,
1728,,,,,,,,,,
1729,,,,,,,,,,
1730,,,,,,,,,,
1731,,,,,,,,,,
1732,,,,,,,,,,
1733,,,,,,,,,,
1734,,,,,,,,,,
1735,,,,,,,,,,
1736,,,,,,,,,,
1737,,,,,,,,,,
1738,,,,,,,,,,
1739,,,,,,,,,,
1740,,,,,,,,,,
1741,,,,,,,,,,
1742,,,,,,,,,,
1743,,,,,,,,,,
1744,,,,,,,,,,
1745,,,,,,,,,,
1746,,,,,,,,,,
1747,,,,,,,,,,
1748,,,,,,,,,,
1749,,,,,,,,,,
1750,,,,,,,,,,
1751,,,,,,,,,,
1752,,,,,,,,,,
1753,,,,,,,,,,
1754,,,,,,,,,,
1755,,,,,,,,,,
1756,,,,,,,,,,
1757,,,,,,,,,,
1758,,,,,,,,,,
1759,,,,,,,,,,
1760,,,,,,,,,,
1761,,,,,,,,,,
1762,,,,,,,,,,
1763,,,,,,,,,,
1764,,,,,,,,,,
1765,,,,,,,,,,
1766,,,,,,,,,,
1767,,,,,,,,,,
1768,,,,,,,,,,
1769,,,,,,,,,,
1770,,,,,,,,,,
1771,,,,,,,,,,
1772,,,,,,,,,,
1773,,,,,,,,,,
1774,,,,,,,,,,
1775,,,,,,,,,,
1776,,,,,,,,,,
1777,,,,,,,,,,
1778,,,,,,,,,,
1779,,,,,,,,,,
1780,,,,,,,,,,
1781,,,,,,,,,,
1782,,,,,,,,,,
1783,,,,,,,,,,
1784,,,,,,,,,,
1785,,,,,,,,,,
1786,,,,,,,,,,
1787,,,,,,,,,,
1788,,,,,,,,,,
1789,,,,,,,,,,
1790,,,,,,,,,,
1791,,,,,,,,,,
1792,,,,,,,,,,
1793,,,,,,,,,,
1794,,,,,,,,,,
1795,,,,,,,,,,
1796,,,,,,,,,,
1797,,,,,,,,,,
1798,,,,,,,,,,
1799,,,,,,,,,,
1800,,,,,,,,,,
1801,,,,,,,,,,
1802,,,,,,,,,,
1803,,,,,,,,,,
1804,,,,,,,,,,
1805,,,,,,,,,,
1806,,,,,,,,,,
1807,,,,,,,,,,
1808,,,,,,,,,,
1809,,,,,,,,,,
1810,,,,,,,,,,
1811,,,,,,,,,,
1812,,,,,,,,,,
1813,,,,,,,,,,
1814,,,,,,,,,,
1815,,,,,,,,,,
1816,,,,,,,,,,
1817,,,,,,,,,,
1818,,,,,,,,,,
1819,,,,,,,,,,
1820,,,,,,,,,,
1821,,,,,,,,,,
1822,,,,,,,,,,
1823,,,,,,,,,,
1824,,,,,,,,,,
1825,,,,,,,,,,
1826,,,,,,,,,,
1827,,,,,,,,,,
1828,,,,,,,,,,
1829,,,,,,,,,,
1830,,,,,,,,,,
1831,,,,,,,,,,
1832,,,,,,,,,,
1833,,,,,,,,,,
1834,,,,,,,,,,
1835,,,,,,,,,,
1836,,,,,,,,,,
1837,,,,,,,,,,
1838,,,,,,,,,,
1839,,,,,,,,,,
1840,,,,,,,,,,
1841,,,,,,,,,,
1842,,,,,,,,,,
1843,,,,,,,,,,
1844,,,,,,,,,,
1845,,,,,,,,,,
1846,,,,,,,,,,
1847,,,,,,,,,,
1848,,,,,,,,,,
1849,,,,,,,,,,
1850,,,,,,,,,,
1851,,,,,,,,,,
1852,,,,,,,,,,
1853,,,,,,,,,,
1854,,,,,,,,,,
1855,,,,,,,,,,
1856,,,,,,,,,,
1857,,,,,,,,,,
1858,,,,,,,,,,
1859,,,,,,,,,,
1860,,,,,,,,,,
1861,,,,,,,,,,
1862,,,,,,,,,,
1863,,,,,,,,,,
1864,,,,,,,,,,
1865,,,,,,,,,,
1866,,,,,,,,,,
1867,,,,,,,,,,
1868,,,,,,,,,,
1869,,,,,,,,,,
1870,,,,,,,,,,
1871,,,,,,,,,,
1872,,,,,,,,,,
1873,,,,,,,,,,
1874,,,,,,,,,,
1875,,,,,,,,,,
1876,,,,,,,,,,
1877,,,,,,,,,,
1878,,,,,,,,,,
1879,,,,,,,,,,
1880,,,,,,,,,,
1881,,,,,,,,,,
1882,,,,,,,,,,
1883,,,,,,,,,,
1884,,,,,,,,,,
1885,,,,,,,,,,
1886,,,,,,,,,,
1887,,,,,,,,,,
1888,,,,,,,,,,
1889,,,,,,,,,,
1890,,,,,,,,,,
1891,,,,,,,,,,
1892,,,,,,,,,,
1893,,,,,,,,,,
1894,,,,,,,,,,
1895,,,,,,,,,,
1896,,,,,,,,,,
1897,,,,,,,,,,
1898,,,,,,,,,,
1899,,,,,,,,,,
1900,,,,,,,,,,
1901,,,,,,,,,,
1902,,,,,,,,,,
1903,,,,,,,,,,
1904,,,,,,,,,,
1905,,,,,,,,,,
1906,,,,,,,,,,
1907,,,,,,,,,,
1908,,,,,,,,,,
1909,,,,,,,,,,
1910,,,,,,,,,,
1911,,,,,,,,,,
1912,,,,,,,,,,
1913,,,,,,,,,,
1914,,,,,,,,,,
1915,,,,,,,,,,
1916,,,,,,,,,,
1917,,,,,,,,,,
1918,,,,,,,,,,
1919,,,,,,,,,,
1920,,,,,,,,,,
1921,,,,,,,,,,
1922,,,,,,,,,,
1923,,,,,,,,,,
1924,,,,,,,,,,
1925,,,,,,,,,,
1926,,,,,,,,,,
1927,,,,,,,,,,
1928,,,,,,,,,,
1929,,,,,,,,,,
1930,,,,,,,,,,
1931,,,,,,,,,,
1932,,,,,,,,,,
1933,,,,,,,,,,
1934,,,,,,,,,,
1935,,,,,,,,,,
1936,,,,,,,,,,
1937,,,,,,,,,,
1938,,,,,,,,,,
1939,,,,,,,,,,
1940,,,,,,,,,,
1941,,,,,,,,,,
1942,,,,,,,,,,
1943,,,,,,,,,,
1944,,,,,,,,,,
1945,,,,,,,,,,
1946,,,,,,,,,,
1947,,,,,,,,,,
1948,,,,,,,,,,
1949,,,,,,,,,,
1950,,,,,,,,,,
1951,,,,,,,,,,
1952,,,,,,,,,,
1953,,,,,,,,,,
1954,,,,,,,,,,
1955,,,,,,,,,,
1956,,,,,,,,,,
1957,,,,,,,,,,
1958,,,,,,,,,,
1959,,,,,,,,,,
1960,,,,,,,,,,
1961,,,,,,,,,,
1962,,,,,,,,,,
1963,,,,,,,,,,
1964,,,,,,,,,,
1965,,,,,,,,,,
1966,,,,,,,,,,
1967,,,,,,,,,,
1968,,,,,,,,,,
1969,,,,,,,,,,
1970,,,,,,,,,,
1971,,,,,,,,,,
1972,,,,,,,,,,
1973,,,,,,,,,,
1974,,,,,,,,,,
1975,,,,,,,,,,
1976,,,,,,,,,,
1977,,,,,,,,,,
1978,,,,,,,,,,
1979,,,,,,,,,,
1980,,,,,,,,,,
1981,,,,,,,,,,
1982,,,,,,,,,,
1983,,,,,,,,,,
1984,,,,,,,,,,
1985,,,,,,,,,,
1986,,,,,,,,,,
1987,,,,,,,,,,
1988,,,,,,,,,,
1989,,,,,,,,,,
1990,,,,,,,,,,
1991,,,,,,,,,,
1992,,,,,,,,,,
1993,,,,,,,,,,
1994,,,,,,,,,,
1995,,,,,,,,,,
1996,,,,,,,,,,
1997,,,,,,,,,,
1998,,,,,,,,,,
1999,,,,,,,,,,
