,adult,old,young
KEGG_GLYCOLYSIS_GLUCONEOGENESIS,0.316225471,0.205007538,0.141455528
KEGG_CITRATE_CYCLE_TCA_CYCLE,0.163068376,0.100347068,0.128222701
KEGG_PENTOSE_PHOSPHATE_PATHWAY,0.213245953,0.089575737,0.122340189
KEGG_PENTOSE_AND_GLUCURONATE_INTERCONVERSIONS,0.107197515,0.173991731,-0.171213095
KEGG_FRUCTOSE_AND_MANNOSE_METABOLISM,0.20595928,0.134902967,0.097141433
KEGG_GALACTOSE_METABOLISM,0.300918876,0.187542418,-0.04174571
KEGG_ASCORBATE_AND_ALDARATE_METABOLISM,0,0,0
KEGG_FATTY_ACID_METABOLISM,0.094655967,0.294279331,0.087300398
KEGG_STEROID_BIOSYNTHESIS,0.130595542,0.065940326,0.095454677
KEGG_PRIMARY_BILE_ACID_BIOSYNTHESIS,-0.011919378,0.196129711,0.037523702
KEGG_STEROID_HORMONE_BIOSYNTHESIS,0.158743068,0.200544765,0.053492977
KEGG_OXIDATIVE_PHOSPHORYLATION,0.042742727,0.110542573,0.06361802
KEGG_PURINE_METABOLISM,-0.037662105,0.07180398,-0.130903077
KEGG_PYRIMIDINE_METABOLISM,0.023710954,-0.003051713,-0.137950652
KEGG_ALANINE_ASPARTATE_AND_GLUTAMATE_METABOLISM,0.004459425,0.039202866,0.077514789
KEGG_GLYCINE_SERINE_AND_THREONINE_METABOLISM,-0.019539688,0.146155035,-0.090096146
KEGG_CYSTEINE_AND_METHIONINE_METABOLISM,0.072390033,-0.024864177,0.078861348
KEGG_VALINE_LEUCINE_AND_ISOLEUCINE_DEGRADATION,0.155446489,0.197358287,0.092226892
KEGG_VALINE_LEUCINE_AND_ISOLEUCINE_BIOSYNTHESIS,0.064346108,0.117802576,0.067578429
KEGG_LYSINE_DEGRADATION,0.032641452,0.261259891,0.006147934
KEGG_ARGININE_AND_PROLINE_METABOLISM,0.00212302,0.026775082,0.00737876
KEGG_HISTIDINE_METABOLISM,0.020995321,-0.046154546,-0.246866462
KEGG_TYROSINE_METABOLISM,0.090183831,-0.029056272,0.078700264
KEGG_PHENYLALANINE_METABOLISM,-0.009286175,-0.054064089,0.046262252
KEGG_TRYPTOPHAN_METABOLISM,0.213961974,0.197607213,0.011072128
KEGG_BETA_ALANINE_METABOLISM,0.036537237,0.125602623,0.12351141
KEGG_TAURINE_AND_HYPOTAURINE_METABOLISM,0,0,0
KEGG_SELENOAMINO_ACID_METABOLISM,-0.089915364,0.14659585,-0.108632772
KEGG_GLUTATHIONE_METABOLISM,0.150607051,0.102711844,-0.087368041
KEGG_STARCH_AND_SUCROSE_METABOLISM,0.262610709,0.268266297,0.070722902
KEGG_N_GLYCAN_BIOSYNTHESIS,0.147210927,0.216146834,0.152484082
KEGG_OTHER_GLYCAN_DEGRADATION,0.094425979,0.193597131,-0.031508762
KEGG_O_GLYCAN_BIOSYNTHESIS,0.015857939,-0.060924199,-0.178763907
KEGG_AMINO_SUGAR_AND_NUCLEOTIDE_SUGAR_METABOLISM,-0.004988632,0.278190059,0.093471308
KEGG_GLYCOSAMINOGLYCAN_DEGRADATION,0.032952558,0.178157,0.093295474
KEGG_GLYCOSAMINOGLYCAN_BIOSYNTHESIS_CHONDROITIN_SULFATE,-0.012878109,-0.024655791,0.02762446
KEGG_GLYCOSAMINOGLYCAN_BIOSYNTHESIS_KERATAN_SULFATE,-0.071498368,0.098462615,0.016192893
KEGG_GLYCOSAMINOGLYCAN_BIOSYNTHESIS_HEPARAN_SULFATE,-0.084650781,0.130555667,0.02762446
KEGG_GLYCEROLIPID_METABOLISM,0.037419389,0.105729948,-0.06849913
KEGG_INOSITOL_PHOSPHATE_METABOLISM,0.179027979,0.034532033,0.092279927
KEGG_GLYCOSYLPHOSPHATIDYLINOSITOL_GPI_ANCHOR_BIOSYNTHESIS,0.21707947,0.078673501,-0.0800962
KEGG_GLYCEROPHOSPHOLIPID_METABOLISM,-0.07219928,0.108466196,-0.041806012
KEGG_ETHER_LIPID_METABOLISM,0.13178856,0.107735471,0.079723626
KEGG_ARACHIDONIC_ACID_METABOLISM,0.172534173,0.089660009,-0.130078535
KEGG_LINOLEIC_ACID_METABOLISM,0.031417564,0.025595006,0.011358873
KEGG_ALPHA_LINOLENIC_ACID_METABOLISM,-0.138021158,0.018315148,0.011358873
KEGG_SPHINGOLIPID_METABOLISM,0.07626873,0.123905932,-0.116953267
KEGG_GLYCOSPHINGOLIPID_BIOSYNTHESIS_LACTO_AND_NEOLACTO_SERIES,-0.042822261,0.115956943,0.0315502
KEGG_GLYCOSPHINGOLIPID_BIOSYNTHESIS_GLOBO_SERIES,-0.061703687,0.026236936,0.034007993
KEGG_GLYCOSPHINGOLIPID_BIOSYNTHESIS_GANGLIO_SERIES,-0.02511383,0.034090798,0.041982207
KEGG_PYRUVATE_METABOLISM,0.085413505,0.079243439,0.034528579
KEGG_GLYOXYLATE_AND_DICARBOXYLATE_METABOLISM,0.101862474,0.195300731,0.106374235
KEGG_PROPANOATE_METABOLISM,0.138546184,-0.031694969,-0.075407952
KEGG_BUTANOATE_METABOLISM,0.269618933,0.254936285,-0.018445102
KEGG_ONE_CARBON_POOL_BY_FOLATE,-0.037663054,0.151919377,0.05247516
KEGG_RIBOFLAVIN_METABOLISM,0.093911582,0.100615355,0.01859664
KEGG_NICOTINATE_AND_NICOTINAMIDE_METABOLISM,0.072673107,-0.007816997,0.061559751
KEGG_PANTOTHENATE_AND_COA_BIOSYNTHESIS,0.009457086,0.164101281,0.032792536
KEGG_FOLATE_BIOSYNTHESIS,0.091124861,0.114269959,-0.205799686
KEGG_RETINOL_METABOLISM,0.063104363,0.167016906,0.077681004
KEGG_PORPHYRIN_AND_CHLOROPHYLL_METABOLISM,0.056485993,0.034873536,-0.154004942
KEGG_TERPENOID_BACKBONE_BIOSYNTHESIS,0.14389256,-0.00149208,0.08386073
KEGG_LIMONENE_AND_PINENE_DEGRADATION,0.084826725,0.134069551,0.052473975
KEGG_NITROGEN_METABOLISM,-0.072793335,-0.027503635,0.046262117
KEGG_SULFUR_METABOLISM,0,0,0
KEGG_AMINOACYL_TRNA_BIOSYNTHESIS,0.03637567,0.163692731,-0.047953668
KEGG_METABOLISM_OF_XENOBIOTICS_BY_CYTOCHROME_P450,0.129424807,0.037785022,-0.065194799
KEGG_DRUG_METABOLISM_CYTOCHROME_P450,0.129424807,0.017484531,-0.060336601
KEGG_DRUG_METABOLISM_OTHER_ENZYMES,0.073936848,0.076232403,0.076660751
KEGG_BIOSYNTHESIS_OF_UNSATURATED_FATTY_ACIDS,0.057436063,0.167106652,0.125875955
KEGG_ABC_TRANSPORTERS,0.12226137,0.18801506,0.094365159
KEGG_RIBOSOME,0.077453804,0.170883253,0.054511316
KEGG_RNA_DEGRADATION,0.055310673,0.023655267,0.038275663
KEGG_RNA_POLYMERASE,0.02957197,0.00507544,-0.111206729
KEGG_BASAL_TRANSCRIPTION_FACTORS,0.103756877,0.172522183,-0.131930983
KEGG_DNA_REPLICATION,0.175718225,0.037048912,-0.13313928
KEGG_SPLICEOSOME,-0.132640885,0.016046243,0.039832182
KEGG_PROTEASOME,0.113278594,0.130132162,0.060035679
KEGG_PROTEIN_EXPORT,0.073074311,0.268526953,0.019835963
KEGG_PPAR_SIGNALING_PATHWAY,-0.023641975,0.114640926,-0.067626054
KEGG_BASE_EXCISION_REPAIR,0.095408028,-0.163310198,0.1075145
KEGG_NUCLEOTIDE_EXCISION_REPAIR,-0.007649484,0.019543257,0.024745387
KEGG_MISMATCH_REPAIR,0.068105755,0.134344192,-0.100936384
KEGG_HOMOLOGOUS_RECOMBINATION,-0.000901402,0.161050157,0.084882668
KEGG_NON_HOMOLOGOUS_END_JOINING,-0.010536662,0.093138233,0.084893009
KEGG_MAPK_SIGNALING_PATHWAY,-0.045204135,-0.034785086,0.137712477
KEGG_ERBB_SIGNALING_PATHWAY,-0.034305702,-0.093310781,-0.003689973
KEGG_CALCIUM_SIGNALING_PATHWAY,-0.102729358,0.160720219,-0.041828793
KEGG_CYTOKINE_CYTOKINE_RECEPTOR_INTERACTION,-0.162580267,-0.049835665,0.097170297
KEGG_CHEMOKINE_SIGNALING_PATHWAY,-0.10404094,-0.094883715,0.079926616
KEGG_PHOSPHATIDYLINOSITOL_SIGNALING_SYSTEM,0.095033733,-0.050564525,-0.116810041
KEGG_NEUROACTIVE_LIGAND_RECEPTOR_INTERACTION,-0.083435735,-0.025431562,-0.06057406
KEGG_CELL_CYCLE,0.103377388,-0.072568755,0.143102851
KEGG_OOCYTE_MEIOSIS,0.306540357,0.34348672,0.1536965
KEGG_P53_SIGNALING_PATHWAY,-0.174135769,-0.110221476,0.116967864
KEGG_UBIQUITIN_MEDIATED_PROTEOLYSIS,-0.001030119,0.022972252,0.04964981
KEGG_SNARE_INTERACTIONS_IN_VESICULAR_TRANSPORT,0.209255456,0.096861213,0.067630518
KEGG_REGULATION_OF_AUTOPHAGY,0.297569543,0.526940077,-0.008
KEGG_LYSOSOME,0.165986897,0.166391716,0.129109514
KEGG_ENDOCYTOSIS,0.008835063,0.069412155,0.136786053
KEGG_PEROXISOME,0.127046532,0.083785062,-0.030740591
KEGG_MTOR_SIGNALING_PATHWAY,0.330196304,0.444740394,0.181967101
KEGG_APOPTOSIS,0.068891125,-0.051691416,0.095909061
KEGG_CARDIAC_MUSCLE_CONTRACTION,0.057229308,0.027900155,-0.01913329
KEGG_VASCULAR_SMOOTH_MUSCLE_CONTRACTION,-0.058215977,0.07292065,-0.122961257
KEGG_WNT_SIGNALING_PATHWAY,-0.013684892,0.004542405,0.032346683
KEGG_DORSO_VENTRAL_AXIS_FORMATION,-0.013667895,-0.116688411,0.078700125
KEGG_NOTCH_SIGNALING_PATHWAY,-0.014074604,0.146345757,0.10751
KEGG_HEDGEHOG_SIGNALING_PATHWAY,0.172700005,0.03037212,0.108593061
KEGG_TGF_BETA_SIGNALING_PATHWAY,0.0090414,-0.025231994,0.015985395
KEGG_AXON_GUIDANCE,-0.117388761,0.083293732,0.0159847
KEGG_VEGF_SIGNALING_PATHWAY,-0.090215228,-0.057635292,0.075004005
KEGG_FOCAL_ADHESION,0.06282147,0.030323192,0.127877598
KEGG_ECM_RECEPTOR_INTERACTION,-0.108169999,0.160997007,0.003711357
KEGG_CELL_ADHESION_MOLECULES_CAMS,-0.109932651,0.034831269,0.124186399
KEGG_ADHERENS_JUNCTION,-0.040187184,0.006355721,0.050054808
KEGG_TIGHT_JUNCTION,0.109297956,0.01375789,0.059325354
KEGG_GAP_JUNCTION,0.08493284,0.265999892,0.015984316
KEGG_COMPLEMENT_AND_COAGULATION_CASCADES,-0.139000852,-0.019924598,-0.151746195
KEGG_ANTIGEN_PROCESSING_AND_PRESENTATION,0.074491043,0.137710849,0.131563612
KEGG_RENIN_ANGIOTENSIN_SYSTEM,0.022095811,0.112444341,0
KEGG_TOLL_LIKE_RECEPTOR_SIGNALING_PATHWAY,0.226704026,-0.044447146,0.116808464
KEGG_NOD_LIKE_RECEPTOR_SIGNALING_PATHWAY,0.033956918,0.091962216,0.119269557
KEGG_RIG_I_LIKE_RECEPTOR_SIGNALING_PATHWAY,-0.047778129,-0.022496941,0.052878496
KEGG_CYTOSOLIC_DNA_SENSING_PATHWAY,0.175195968,0.045258277,-0.083731442
KEGG_JAK_STAT_SIGNALING_PATHWAY,-0.092359715,0.063296167,0.146317751
KEGG_HEMATOPOIETIC_CELL_LINEAGE,-0.068103631,0.168741955,0.098672931
KEGG_NATURAL_KILLER_CELL_MEDIATED_CYTOTOXICITY,-0.184091,-0.24609376,0.146319068
KEGG_T_CELL_RECEPTOR_SIGNALING_PATHWAY,0.211843189,-0.033457527,0.120498779
KEGG_B_CELL_RECEPTOR_SIGNALING_PATHWAY,0.232299964,-0.062959775,0.088530379
KEGG_FC_EPSILON_RI_SIGNALING_PATHWAY,-0.065238511,-0.052622938,0.052893734
KEGG_FC_GAMMA_R_MEDIATED_PHAGOCYTOSIS,-0.071175399,0.203488528,0.148827775
KEGG_LEUKOCYTE_TRANSENDOTHELIAL_MIGRATION,0.026100397,0.047343,0.094759228
KEGG_INTESTINAL_IMMUNE_NETWORK_FOR_IGA_PRODUCTION,0,0.074408162,0.01817705
KEGG_CIRCADIAN_RHYTHM_MAMMAL,0.052593828,0.044390806,0.091172583
KEGG_LONG_TERM_POTENTIATION,-0.110662885,-0.010982281,0.013525819
KEGG_NEUROTROPHIN_SIGNALING_PATHWAY,0.107546184,-0.018409794,-0.023366284
KEGG_LONG_TERM_DEPRESSION,-0.003353233,0.04373476,-0.055330574
KEGG_OLFACTORY_TRANSDUCTION,0.171498927,0.045843045,-0.139499297
KEGG_TASTE_TRANSDUCTION,0.055556578,0.017111506,-0.107719324
KEGG_REGULATION_OF_ACTIN_CYTOSKELETON,0.309871162,0.321266333,0.1536965
KEGG_INSULIN_SIGNALING_PATHWAY,0.307268806,0.357839333,0.153703416
KEGG_GNRH_SIGNALING_PATHWAY,-0.143042449,0.178134495,-0.10943158
KEGG_PROGESTERONE_MEDIATED_OOCYTE_MATURATION,0.335243499,0.353394781,0.154146138
KEGG_MELANOGENESIS,0.114433105,0.181023287,-0.109431416
KEGG_ADIPOCYTOKINE_SIGNALING_PATHWAY,0.222965452,0.218342246,-0.126646866
KEGG_TYPE_II_DIABETES_MELLITUS,-0.05049472,0.402012585,0.350117694
KEGG_TYPE_I_DIABETES_MELLITUS,0.330190977,0.419509748,0.153855345
KEGG_MATURITY_ONSET_DIABETES_OF_THE_YOUNG,0.264158649,0.102587503,-0.018181818
KEGG_ALDOSTERONE_REGULATED_SODIUM_REABSORPTION,0.592572392,0.655694215,0.698570701
KEGG_VASOPRESSIN_REGULATED_WATER_REABSORPTION,0.06581447,-0.043790911,0.135279096
KEGG_PROXIMAL_TUBULE_BICARBONATE_RECLAMATION,0.135037315,0.132458559,0.087306945
KEGG_ALZHEIMERS_DISEASE,0.085643631,-0.0111226,-0.060960841
KEGG_PARKINSONS_DISEASE,0.060247192,-0.055448516,-0.062776634
KEGG_AMYOTROPHIC_LATERAL_SCLEROSIS_ALS,0.167350814,0.013202435,0.147555722
KEGG_HUNTINGTONS_DISEASE,0.026495217,-0.053048327,0.056581074
KEGG_PRION_DISEASES,0.098266863,0.216112299,0.14755705
KEGG_VIBRIO_CHOLERAE_INFECTION,0.179593886,0.172244692,0.124189752
KEGG_EPITHELIAL_CELL_SIGNALING_IN_HELICOBACTER_PYLORI_INFECTION,0.131298344,0.130341065,0.125869299
KEGG_PATHOGENIC_ESCHERICHIA_COLI_INFECTION,0.009138864,0.108055817,0.075651202
KEGG_LEISHMANIA_INFECTION,0.274205179,0.05416987,0.12910506
KEGG_PATHWAYS_IN_CANCER,0.030687763,0.1313141,0.151251422
KEGG_COLORECTAL_CANCER,0.145871628,-0.014560704,0.02586508
KEGG_RENAL_CELL_CARCINOMA,-0.26332018,-0.069633503,0.100200557
KEGG_PANCREATIC_CANCER,-0.290070885,-0.094253235,-0.065273428
KEGG_ENDOMETRIAL_CANCER,0.066267804,0.01661614,-0.062905387
KEGG_GLIOMA,0.074933664,-0.131162603,-0.138949556
KEGG_PROSTATE_CANCER,0.321446865,0.417170288,0.154123586
KEGG_THYROID_CANCER,0.06693494,0.039456336,-0.058192326
KEGG_BASAL_CELL_CARCINOMA,0.184355287,0.056062722,0.062562758
KEGG_MELANOMA,0.06072533,-0.177703406,0.146345849
KEGG_BLADDER_CANCER,0.190423834,-0.216083537,0.04930282
KEGG_CHRONIC_MYELOID_LEUKEMIA,-0.029645296,-0.091722138,0.124762197
KEGG_ACUTE_MYELOID_LEUKEMIA,-0.099475446,-0.034261327,0.077481632
KEGG_SMALL_CELL_LUNG_CANCER,0.016893693,0.023638447,0.109434862
KEGG_NON_SMALL_CELL_LUNG_CANCER,0.060137179,-0.136285368,0.132989795
KEGG_ASTHMA,0,0,0
KEGG_AUTOIMMUNE_THYROID_DISEASE,0.009733618,-0.10230138,-0.053498244
KEGG_SYSTEMIC_LUPUS_ERYTHEMATOSUS,0.006962545,-0.025063668,-0.114350711
KEGG_ALLOGRAFT_REJECTION,0.004764235,-0.091269039,-0.053498162
KEGG_GRAFT_VERSUS_HOST_DISEASE,0.004764181,-0.094593428,-0.053498162
KEGG_PRIMARY_IMMUNODEFICIENCY,0,0,0
KEGG_HYPERTROPHIC_CARDIOMYOPATHY_HCM,-0.042785397,0.066878978,0.126646676
KEGG_ARRHYTHMOGENIC_RIGHT_VENTRICULAR_CARDIOMYOPATHY_ARVC,-0.001230915,0.107675973,0.134023348
KEGG_DILATED_CARDIOMYOPATHY,0.01133384,0.115025091,0.124196645
KEGG_VIRAL_MYOCARDITIS,-0.00683383,-0.09339295,0.11931932
BIOCARTA_RELA_PATHWAY,0.035679487,0.024821612,0.061559751
BIOCARTA_NO1_PATHWAY,0.157348454,0.076816744,0.033198394
BIOCARTA_CSK_PATHWAY,0.146559536,0.133817461,0.055747774
BIOCARTA_SRCRPTP_PATHWAY,0,0,0
BIOCARTA_AMI_PATHWAY,0,0,0
BIOCARTA_GRANULOCYTES_PATHWAY,0,0,0
BIOCARTA_LYM_PATHWAY,0,0,0
BIOCARTA_ARAP_PATHWAY,0.201195281,0.181347443,0.03082137
BIOCARTA_AGR_PATHWAY,-0.201155246,0.077427632,-0.011149877
BIOCARTA_AKAP95_PATHWAY,0.101380194,0.145958896,0.075646272
BIOCARTA_AKT_PATHWAY,0.140554924,-0.10042224,0.110775349
BIOCARTA_ALK_PATHWAY,-0.083338364,0.031202259,0.10747901
BIOCARTA_AT1R_PATHWAY,0.051504087,-0.119398303,-0.148784907
BIOCARTA_ACE2_PATHWAY,0,0,0
BIOCARTA_ASBCELL_PATHWAY,0,0,0
BIOCARTA_DNAFRAGMENT_PATHWAY,-0.105469107,-0.058376565,0.048372673
BIOCARTA_CHEMICAL_PATHWAY,-0.103048912,-0.043019093,0.013870606
BIOCARTA_SPPA_PATHWAY,-0.016082005,0.009950894,-0.058583532
BIOCARTA_ATM_PATHWAY,0.090005361,-0.081184237,0.101955567
BIOCARTA_AGPCR_PATHWAY,0.1792242,0.170240172,-0.016093449
BIOCARTA_BCELLSURVIVAL_PATHWAY,0.250143093,0.033724315,0.072738434
BIOCARTA_BLYMPHOCYTE_PATHWAY,0,0,0
BIOCARTA_BCR_PATHWAY,0.265261806,-0.000271444,-0.035657748
BIOCARTA_BIOPEPTIDES_PATHWAY,0.22661998,-0.070902591,-0.148777766
BIOCARTA_NEUROTRANSMITTERS_PATHWAY,0,0,0
BIOCARTA_RANKL_PATHWAY,0.067399466,0.030277728,-0.028366684
BIOCARTA_CACAM_PATHWAY,0.138389412,0.029541491,-0.148959289
BIOCARTA_CDMAC_PATHWAY,0.245536019,-0.067431676,0.008783352
BIOCARTA_CARM_ER_PATHWAY,0.063222835,-0.046340038,0.116888785
BIOCARTA_CASPASE_PATHWAY,0.114355985,-0.028351569,0.097603957
BIOCARTA_CBL_PATHWAY,0,0,0
BIOCARTA_CCR3_PATHWAY,0.179080295,0.114475315,0.097141288
BIOCARTA_CD40_PATHWAY,0.103849567,-0.056587871,-0.069418492
BIOCARTA_MCM_PATHWAY,-0.105762924,0.137474242,0.024784541
BIOCARTA_G1_PATHWAY,0.056364437,0.164530284,0.095437655
BIOCARTA_G2_PATHWAY,0.198403654,-0.052984926,0.131801637
BIOCARTA_CELL2CELL_PATHWAY,0.043093596,0.024275417,0.082156475
BIOCARTA_LAIR_PATHWAY,0,0,0
BIOCARTA_CERAMIDE_PATHWAY,-0.011441227,-0.16793299,-0.137644345
BIOCARTA_TID_PATHWAY,-0.015653457,-0.165567542,0.099757424
BIOCARTA_CLASSIC_PATHWAY,0,0,0
BIOCARTA_COMP_PATHWAY,0,0,0
BIOCARTA_VDR_PATHWAY,0.077927943,-0.043443149,0.068583313
BIOCARTA_HDAC_PATHWAY,0.535265169,0.614168162,1
BIOCARTA_GCR_PATHWAY,0.218618047,0.095759903,0.035658925
BIOCARTA_CTCF_PATHWAY,-0.044511377,0.147182145,0.084892004
BIOCARTA_CTL_PATHWAY,0,0,0
BIOCARTA_CXCR4_PATHWAY,-0.009827559,-0.118782056,-0.119110911
BIOCARTA_CELLCYCLE_PATHWAY,0.217007447,0.102396561,0.052431206
BIOCARTA_CFTR_PATHWAY,0.046686995,0.130005634,0.020917192
BIOCARTA_CYTOKINE_PATHWAY,0,0,0
BIOCARTA_INFLAM_PATHWAY,0,0,0
BIOCARTA_D4GDI_PATHWAY,0.064461947,-0.010267105,0.063571365
BIOCARTA_DC_PATHWAY,0,0,0
BIOCARTA_P35ALZHEIMERS_PATHWAY,0.010568273,0.100448075,0.075653393
BIOCARTA_RNA_PATHWAY,0.027867111,-0.202996588,0.085970952
BIOCARTA_MTA3_PATHWAY,0.197107071,0.134312231,0.141452981
BIOCARTA_SKP2E2F_PATHWAY,0.044011674,0.089902858,0.059553821
BIOCARTA_CALCINEURIN_PATHWAY,0.102521234,0.035433172,-0.141462111
BIOCARTA_EGF_PATHWAY,0.206028218,-0.001772684,0.040650082
BIOCARTA_ETC_PATHWAY,0.060806883,0.003560512,0.095284789
BIOCARTA_NDKDYNAMIN_PATHWAY,0.113628369,-0.005640875,-0.121600537
BIOCARTA_EPHA4_PATHWAY,0,0,0
BIOCARTA_EPO_PATHWAY,0.237705964,-0.037609604,0.003843026
BIOCARTA_ECM_PATHWAY,0.080210861,0.170917519,0.124719158
BIOCARTA_ERK_PATHWAY,0.144482912,0.202280355,0.003688793
BIOCARTA_ERYTH_PATHWAY,0,0,0
BIOCARTA_EPONFKB_PATHWAY,-0.03286879,0.025257018,-0.016071818
BIOCARTA_EIF_PATHWAY,0.015563916,0.201402297,0.069209458
BIOCARTA_EXTRINSIC_PATHWAY,0,0,0
BIOCARTA_FAS_PATHWAY,-0.045977097,0.080812192,-0.051633115
BIOCARTA_FCER1_PATHWAY,0.277207515,0.044743113,0.006147814
BIOCARTA_FEEDER_PATHWAY,0,0,0
BIOCARTA_FIBRINOLYSIS_PATHWAY,0,0,0
BIOCARTA_FMLP_PATHWAY,0.18449562,-0.073097625,-0.057789624
BIOCARTA_FREE_PATHWAY,0.056914402,0.044375817,0.068579582
BIOCARTA_GABA_PATHWAY,0,0,0
BIOCARTA_GATA3_PATHWAY,0.061821372,0.046742477,0.088011574
BIOCARTA_GLYCOLYSIS_PATHWAY,0.20847211,0.176599705,0.1426723
BIOCARTA_SET_PATHWAY,-0.113218686,-0.138513924,0.049425829
BIOCARTA_GH_PATHWAY,0.379003514,0.430846138,0.061261164
BIOCARTA_AHSP_PATHWAY,0.088827171,0.110898094,0.013967404
BIOCARTA_TCAPOPTOSIS_PATHWAY,0,0,0
BIOCARTA_HIVNEF_PATHWAY,0.093892872,-0.12619925,0.139137521
BIOCARTA_SALMONELLA_PATHWAY,0.041090421,0.131962012,0.065733453
BIOCARTA_MPR_PATHWAY,0.195101416,0.223047168,0.063945609
BIOCARTA_HCMV_PATHWAY,0.063475694,-0.214554964,0.075644354
BIOCARTA_P53HYPOXIA_PATHWAY,0.102144349,-0.077000493,0.137828912
BIOCARTA_HIF_PATHWAY,0.044452228,0.094875847,0.146506404
BIOCARTA_IGF1_PATHWAY,0.270268638,0.044455214,0.013673718
BIOCARTA_IL17_PATHWAY,0,0,0
BIOCARTA_IL2_PATHWAY,0.276099814,0.010402035,0.028901689
BIOCARTA_IL3_PATHWAY,0.114423232,-0.065450752,0.072607552
BIOCARTA_IL4_PATHWAY,0.074167367,0.123460562,0.035200229
BIOCARTA_IL5_PATHWAY,0,0,0
BIOCARTA_IL6_PATHWAY,0.285124548,0.021057549,0.039418736
BIOCARTA_IL10_PATHWAY,0.096058077,0.008063786,0.070590804
BIOCARTA_IL12_PATHWAY,-0.030088976,-0.047820732,0.016192893
BIOCARTA_IL2RB_PATHWAY,0.242050057,-0.053054176,0.113159667
BIOCARTA_IL22BP_PATHWAY,0.065904489,-0.00268632,0.052473843
BIOCARTA_IL7_PATHWAY,0.087785624,0.04679453,0.0315502
BIOCARTA_GSK3_PATHWAY,0.201897073,0.015272068,-0.092654032
BIOCARTA_DEATH_PATHWAY,0.117000787,-0.113044051,0.050662608
BIOCARTA_RACCYCD_PATHWAY,0.082298991,-0.126977041,0.13180878
BIOCARTA_GLEEVEC_PATHWAY,0.245809962,-0.040960472,0.017370882
BIOCARTA_INSULIN_PATHWAY,0.68964784,0.561572677,0.383269967
BIOCARTA_INTEGRIN_PATHWAY,0.013640267,0.088670189,0.072957242
BIOCARTA_INTRINSIC_PATHWAY,0.022095811,0.044678641,0.008
BIOCARTA_KERATINOCYTE_PATHWAY,0.304880439,-0.077962253,0.106985923
BIOCARTA_TCRA_PATHWAY,0,0,0
BIOCARTA_LECTIN_PATHWAY,0,0,0
BIOCARTA_PYK2_PATHWAY,-0.003438369,-0.002918133,-0.151240305
BIOCARTA_EGFR_SMRTE_PATHWAY,-0.104837753,0.048879561,0.035200229
BIOCARTA_MAPK_PATHWAY,0.151574626,-0.036813447,0.137814833
BIOCARTA_MCALPAIN_PATHWAY,-0.020968381,0.115205892,0.124687474
BIOCARTA_PPARA_PATHWAY,0.374309823,0.421313806,0.205903807
BIOCARTA_ETS_PATHWAY,0.290540488,-0.096787115,-0.001294329
BIOCARTA_MONOCYTE_PATHWAY,0,0,0
BIOCARTA_MTOR_PATHWAY,0.032718197,0.180580456,-0.038217175
BIOCARTA_IGF1R_PATHWAY,0.062710039,0.047661012,0.102276995
BIOCARTA_PITX2_PATHWAY,0.184694718,0.002787545,0.052474238
BIOCARTA_NGF_PATHWAY,0.218030966,-0.02313101,-0.007744635
BIOCARTA_VIP_PATHWAY,0.128763183,0.031475405,-0.099614308
BIOCARTA_NFAT_PATHWAY,0.125009731,0.056811781,-0.106976133
BIOCARTA_NTHI_PATHWAY,0.030655039,-0.054183882,0.046425347
BIOCARTA_NFKB_PATHWAY,0.025975555,0.018736029,0.068579315
BIOCARTA_NOS1_PATHWAY,0.095041178,0.059170773,-0.124187703
BIOCARTA_NO2IL12_PATHWAY,0,0,0
BIOCARTA_RARRXR_PATHWAY,0.010418881,-0.006679781,-0.037157294
BIOCARTA_NUCLEARRS_PATHWAY,0,0,0
BIOCARTA_ARENRF2_PATHWAY,0.238566038,-0.079011553,0.038355757
BIOCARTA_P38MAPK_PATHWAY,-0.037550121,-0.099757517,0.08170744
BIOCARTA_P53_PATHWAY,0.118114346,0.133315806,0.076663365
BIOCARTA_PDGF_PATHWAY,0.206070663,0.004087798,0.043068494
BIOCARTA_CCR5_PATHWAY,0.247445362,0.054442326,-0.038117075
BIOCARTA_PTDINS_PATHWAY,0.291121437,0.090418006,0.136765038
BIOCARTA_PLCE_PATHWAY,0.112094991,0.126057541,-0.043916555
BIOCARTA_EDG1_PATHWAY,-0.036040409,-0.046340171,0.092318757
BIOCARTA_CDK5_PATHWAY,-0.034654197,-0.055443423,0.052475555
BIOCARTA_MYOSIN_PATHWAY,-0.053652733,-0.114783858,-0.054497506
BIOCARTA_PLATELETAPP_PATHWAY,0,0,0
BIOCARTA_PS1_PATHWAY,-0.032552909,0.162202862,0.031550359
BIOCARTA_PROTEASOME_PATHWAY,0.162722531,0.177408397,0.105570535
BIOCARTA_AKAPCENTROSOME_PATHWAY,-0.092599172,0.060536709,0.125012815
BIOCARTA_PTEN_PATHWAY,0.029400002,-0.029219905,0.041173611
BIOCARTA_RAB_PATHWAY,0.02529796,-0.012991483,0.111941936
BIOCARTA_RAC1_PATHWAY,0.051933602,-0.008621107,0.116536281
BIOCARTA_RAS_PATHWAY,0.021885679,-0.044721492,0.123532351
BIOCARTA_NKCELLS_PATHWAY,-0.00437651,-0.043470771,-0.067638229
BIOCARTA_RB_PATHWAY,-0.04316236,-0.08950931,0.061559882
BIOCARTA_CHREBP2_PATHWAY,0.166091842,0.046724778,0.131934167
BIOCARTA_BAD_PATHWAY,0.088337527,0.059210462,0.063134687
BIOCARTA_CK1_PATHWAY,0.011814307,0.10600199,0.050965519
BIOCARTA_EIF2_PATHWAY,0.024146055,-0.080945392,-0.014355024
BIOCARTA_EIF4_PATHWAY,-0.028380168,0.074687122,-0.069044737
BIOCARTA_STEM_PATHWAY,0,0,0
BIOCARTA_P27_PATHWAY,0.038000387,-0.089972276,-0.104133893
BIOCARTA_PGC1A_PATHWAY,0.126597553,0.017973433,0.001229625
BIOCARTA_PML_PATHWAY,0.005634342,0.159020998,0.070590536
BIOCARTA_DREAM_PATHWAY,0.281870618,0.077134109,0.057925575
BIOCARTA_LEPTIN_PATHWAY,0.060404554,0.070249337,0.016192893
BIOCARTA_RHO_PATHWAY,0.104178533,0.182543197,0.146943001
BIOCARTA_AKAP13_PATHWAY,-0.016541087,0.086994588,0.075645724
BIOCARTA_ATRBRCA_PATHWAY,0.105406751,0.176096055,0.056532568
BIOCARTA_CARDIACEGF_PATHWAY,0.231708634,0.054939598,0.033830856
BIOCARTA_HER2_PATHWAY,-0.079540225,-0.091463952,0.091189591
BIOCARTA_ERK5_PATHWAY,-0.078689328,-0.029808363,0.059553297
BIOCARTA_MAL_PATHWAY,0.022525241,-0.006969087,0.046121065
BIOCARTA_MEF2D_PATHWAY,0.078342386,0.051764196,-0.112066837
BIOCARTA_MITOCHONDRIA_PATHWAY,-0.121537675,-0.08062159,0.086969138
BIOCARTA_ACH_PATHWAY,0.068095062,-0.167262835,0.050423754
BIOCARTA_PARKIN_PATHWAY,0.159032475,-0.013941926,0.092286567
BIOCARTA_CDC42RAC_PATHWAY,-0.013877234,0.137034221,0.095939855
BIOCARTA_RANMS_PATHWAY,0.068842599,-0.011736672,0.062571825
BIOCARTA_BARR_MAPK_PATHWAY,0.075357482,9.20E-05,-0.074293831
BIOCARTA_TOB1_PATHWAY,0,0,0
BIOCARTA_BARRESTIN_SRC_PATHWAY,0.110861884,0.011630372,-0.064631331
BIOCARTA_NKT_PATHWAY,0,0,0
BIOCARTA_IL1R_PATHWAY,-0.023117305,-0.109664868,-0.001269861
BIOCARTA_MET_PATHWAY,0.200263163,0.071812277,0.1169009
BIOCARTA_GPCR_PATHWAY,0.297290597,0.140566699,0.003688694
BIOCARTA_IGF1MTOR_PATHWAY,0.153679211,0.031471172,0.044388999
BIOCARTA_SODD_PATHWAY,-0.186825901,0.096759092,0.01817705
BIOCARTA_SHH_PATHWAY,-0.059667596,0.204316111,0.059552381
BIOCARTA_PTC1_PATHWAY,-0.024995152,-0.007120852,0.026231869
BIOCARTA_SPRY_PATHWAY,0.05220371,-0.037693722,0.051451502
BIOCARTA_BARRESTIN_PATHWAY,0.126891308,0.07711166,-0.044383416
BIOCARTA_STATHMIN_PATHWAY,0.050137325,0.091208829,-0.024127708
BIOCARTA_HSP27_PATHWAY,-0.086783993,0.084496045,0.062562363
BIOCARTA_TCR_PATHWAY,0.25789798,-0.052674697,-0.013525292
BIOCARTA_TCYTOTOXIC_PATHWAY,0,0,0
BIOCARTA_THELPER_PATHWAY,0,0,0
BIOCARTA_TALL1_PATHWAY,0.08131717,0.07200714,0.02897102
BIOCARTA_TEL_PATHWAY,0.081005382,0.011041047,0.030748202
BIOCARTA_TGFB_PATHWAY,-0.19715265,-0.04944455,0.076666254
BIOCARTA_TH1TH2_PATHWAY,0,0,0
BIOCARTA_41BB_PATHWAY,-0.122009773,-0.082881152,0.064566859
BIOCARTA_KREB_PATHWAY,-0.025169248,0.255088568,0.084884535
BIOCARTA_CTLA4_PATHWAY,0,0,0
BIOCARTA_LONGEVITY_PATHWAY,0.196656665,0.015625638,0.080750529
BIOCARTA_SARS_PATHWAY,0.073407165,-0.013527632,0.021681687
BIOCARTA_PAR1_PATHWAY,0.047120849,0.03199102,0.028492613
BIOCARTA_STRESS_PATHWAY,0.055874123,-0.030105911,0.061025559
BIOCARTA_TNFR1_PATHWAY,-0.07745572,-0.011143131,-0.042277377
BIOCARTA_TNFR2_PATHWAY,0.10253591,-0.037901942,-0.01187102
BIOCARTA_TOLL_PATHWAY,0.239550874,-0.042609375,0.111915394
BIOCARTA_TPO_PATHWAY,0.238606566,-0.049343704,0.032154015
BIOCARTA_CREB_PATHWAY,0.207748792,0.205097059,0.030740683
BIOCARTA_CARM1_PATHWAY,-0.103357213,0.226509028,0.093299405
BIOCARTA_TFF_PATHWAY,0.051202769,0.107153096,0.095453296
BIOCARTA_TRKA_PATHWAY,0.094119406,0.091918173,0.038659998
BIOCARTA_ARF_PATHWAY,0.12555015,0.117123251,0.074634387
BIOCARTA_UCALPAIN_PATHWAY,-0.053430883,0.119560989,0.106388452
BIOCARTA_VEGF_PATHWAY,0.083745278,0.041806337,0.136626832
BIOCARTA_VITCB_PATHWAY,0,0,0
BIOCARTA_WNT_PATHWAY,-0.022424368,0.093717696,-0.031265796
BIOCARTA_ACTINY_PATHWAY,0.078875804,0.052239639,-0.091068475
ST_INTERFERON_GAMMA_PATHWAY,0.015287341,0.222960273,0.052474502
ST_WNT_CA2_CYCLIC_GMP_PATHWAY,-0.104101881,-0.003922305,-0.176502928
ST_DIFFERENTIATION_PATHWAY_IN_PC12_CELLS,-0.063108649,0.244025538,0.150039518
ST_TUMOR_NECROSIS_FACTOR_PATHWAY,0.181000048,-0.151799149,0.105250077
SA_B_CELL_RECEPTOR_COMPLEXES,0.236660225,-0.092692618,0.03815624
ST_ERK1_ERK2_MAPK_PATHWAY,-0.031940268,-0.113258183,0.092532505
SIG_CD40PATHWAYMAP,0.205329321,-0.081535246,0.046239035
SIG_PIP3_SIGNALING_IN_CARDIAC_MYOCTES,-0.038357356,-0.020547262,0.147609757
SA_CASPASE_CASCADE,0.096036465,0.08217256,0.058548767
ST_GA12_PATHWAY,0.047855455,-0.093521029,-0.112519664
ST_G_ALPHA_S_PATHWAY,0.065013238,0.076490388,0.088017279
ST_G_ALPHA_I_PATHWAY,0.054500853,0.170891444,0.080363336
SIG_CHEMOTAXIS,-0.08548972,0.171284318,0.088537949
ST_IL_13_PATHWAY,0,0,0
ST_P38_MAPK_PATHWAY,-0.047137326,-0.061668039,0.121738401
SIG_IL4RECEPTOR_IN_B_LYPHOCYTES,0.030648062,-0.024660446,0.100848348
WNT_SIGNALING,0.115931254,-0.012029001,0.089913029
ST_JAK_STAT_PATHWAY,0.108209117,0.064133254,0.037523993
SIG_REGULATION_OF_THE_ACTIN_CYTOSKELETON_BY_RHO_GTPASES,0.024055821,0.066130935,0.125867207
ST_GRANULE_CELL_SURVIVAL_PATHWAY,0.149832105,-0.006210207,0.07630067
ST_ADRENERGIC,-0.134061804,0.077240208,0.100848189
ST_INTEGRIN_SIGNALING_PATHWAY,-0.029054633,0.109601773,0.091203756
ST_GAQ_PATHWAY,0.182446795,0.061082463,0.092231564
ST_GA13_PATHWAY,-0.026151022,-0.019857018,-0.00123061
ST_STAT3_PATHWAY,-0.030097049,0.039808373,0.058547197
SA_FAS_SIGNALING,0,0,0
SA_G1_AND_S_PHASES,0.217238631,0.137751037,0.041058494
SIG_INSULIN_RECEPTOR_PATHWAY_IN_CARDIAC_MYOCYTES,-0.070546133,0.126018109,0.130702123
ST_T_CELL_SIGNAL_TRANSDUCTION,0.064436857,-0.016007543,0.045552069
ST_TYPE_I_INTERFERON_PATHWAY,0.066469057,0.084888871,0.052474502
ST_PAC1_RECEPTOR_PATHWAY,0,0,0
SIG_PIP3_SIGNALING_IN_B_LYMPHOCYTES,-0.038473148,0.027330525,0.095435049
SIG_BCR_SIGNALING_PATHWAY,0.020182917,0.125752193,0.075113137
SA_G2_AND_M_PHASES,0.073408112,-0.00670545,0.034008145
ST_B_CELL_ANTIGEN_RECEPTOR,0.144122412,-0.051270634,-0.006164348
ST_INTERLEUKIN_4_PATHWAY,0.053681021,0.079535996,0.09975916
ST_WNT_BETA_CATENIN_PATHWAY,0.221500536,0.009634654,-0.025941676
SA_MMP_CYTOKINE_CONNECTION,0,0,0
ST_JNK_MAPK_PATHWAY,-0.259388236,-0.069662157,-0.109507651
SA_PROGRAMMED_CELL_DEATH,0.0692541,0.069611212,0.02897102
ST_FAS_SIGNALING_PATHWAY,0.106078435,-0.053099736,0.076773219
ST_MYOCYTE_AD_PATHWAY,-0.13432444,0.110498172,0.099757424
SA_PTEN_PATHWAY,0.058319382,0.01674822,-0.055042511
SA_REG_CASCADE_OF_CYCLIN_EXPR,0,0,0
SA_TRKA_RECEPTOR,0.022156621,0.043164943,0.088012306
ST_PHOSPHOINOSITIDE_3_KINASE_PATHWAY,0.132515548,0.110558573,0.116832297
PID_FANCONI_PATHWAY,0.031621688,0.005558726,-0.130530056
PID_SMAD2_3NUCLEAR_PATHWAY,0.236488709,-0.007390454,0.130598944
PID_FCER1_PATHWAY,0.256836846,-0.041653827,0.114370783
PID_ENDOTHELIN_PATHWAY,0.218302164,0.111972913,0.052871279
PID_BCR_5PATHWAY,0.202462835,-0.050821118,0.09959832
PID_PRL_SIGNALING_EVENTS_PATHWAY,0.085027603,0.113266794,0.074179178
PID_RHOA_PATHWAY,0.043443481,0.16208467,0.122360767
PID_ERBB4_PATHWAY,-0.132365697,-0.100213588,0.101964061
PID_AURORA_B_PATHWAY,0.175907552,0.084179081,0.120656324
PID_LYSOPHOSPHOLIPID_PATHWAY,0.306621817,-0.038364846,0.134028776
PID_INSULIN_PATHWAY,0.319026275,0.437638418,0.182884497
PID_NOTCH_PATHWAY,0.054712384,0.05073348,0.135504965
PID_INTEGRIN1_PATHWAY,-0.030134364,0.059636943,0.043853925
PID_P73PATHWAY,-0.003333752,-0.014383727,0.030742343
PID_P38_MKK3_6PATHWAY,0.047503441,0.018699119,0.092248482
PID_GMCSF_PATHWAY,0.230400265,-0.041604902,0.120552492
PID_WNT_NONCANONICAL_PATHWAY,-0.170277264,0.104694557,0.013610397
PID_NFKAPPAB_ATYPICAL_PATHWAY,0.011609197,-0.025656955,-0.153526896
PID_IL4_2PATHWAY,0.218812338,0.097694327,-0.070271771
PID_HDAC_CLASSII_PATHWAY,0.06530074,-0.020837447,0.090210169
PID_BETA_CATENIN_DEG_PATHWAY,0.155656134,0.026755668,0.067619794
PID_HDAC_CLASSIII_PATHWAY,0.141467269,-0.006462863,-0.102568814
PID_GLYPICAN_1PATHWAY,-0.019117317,0.050822405,0.053492845
PID_TCR_PATHWAY,-0.299368202,0.024018908,-0.028296203
PID_IL27_PATHWAY,0.020488102,0.023584632,0.062562363
PID_NFKAPPAB_CANONICAL_PATHWAY,-0.042782386,-0.174477072,0.109733779
PID_E2F_PATHWAY,-0.063853041,0.17804027,0.05534286
PID_ER_NONGENOMIC_PATHWAY,-0.009055973,0.005614709,0.009859093
PID_DNA_PK_PATHWAY,-0.016679089,-0.005875222,-0.150635977
PID_HIF2PATHWAY,0.195784045,0.200698318,0.127034242
PID_CD40_PATHWAY,0.077247823,-0.147455155,-0.038403203
PID_ATR_PATHWAY,0.130786408,-0.03569406,-0.060299696
PID_INTEGRIN_CS_PATHWAY,0.139421775,-0.02469351,-0.183669359
PID_MET_PATHWAY,-0.11509187,0.009688024,0.062623942
PID_PTP1B_PATHWAY,0.423864597,0.510423616,0.261459881
PID_INTEGRIN3_PATHWAY,-0.017488013,-0.04409957,-0.077166434
PID_IL12_2PATHWAY,0.219883346,-0.119023363,0.097136916
PID_S1P_S1P3_PATHWAY,0.07664121,-0.021851334,0.018495081
PID_LPA4_PATHWAY,-0.118774504,0.026672844,0.016192893
PID_AR_PATHWAY,0.137557856,0.152715103,-0.069952488
PID_NFAT_TFPATHWAY,0.227856018,-0.022915999,0.079923139
PID_EPHB_FWD_PATHWAY,-0.305040348,0.016025349,-0.064179716
PID_AVB3_OPN_PATHWAY,0.252760206,0.109884565,0.140180249
PID_S1P_S1P4_PATHWAY,0.014200445,0.042291733,-0.044213466
PID_FRA_PATHWAY,0.040544693,-0.1187189,0.016047864
PID_MYC_ACTIV_PATHWAY,0.031636036,0.03426138,0.113402827
PID_ARF6_TRAFFICKING_PATHWAY,0.329941885,0.445301002,0.156915441
PID_RHOA_REG_PATHWAY,-0.153960791,-0.092216127,0.06776146
PID_REELIN_PATHWAY,-0.006033027,0.122576923,0.130654047
PID_PS1_PATHWAY,0.246081299,-0.037266599,0.094375817
PID_ILK_PATHWAY,-0.01998052,-0.068329223,0.064635408
PID_NECTIN_PATHWAY,-0.27535515,-0.001554838,0.059557227
PID_P38_ALPHA_BETA_PATHWAY,0.01078104,0.01803639,0.089835726
PID_WNT_SIGNALING_PATHWAY,-0.091124412,0.179147179,0.034008145
PID_TRAIL_PATHWAY,-0.023103116,-0.013067443,0.064566859
PID_CDC42_PATHWAY,-0.024525774,-0.039739427,0.060563373
PID_RET_PATHWAY,-0.213506244,-0.08496543,0.034473754
PID_CDC42_REG_PATHWAY,-0.125777586,0.042362811,-0.101529352
PID_ATM_PATHWAY,-0.081444776,-0.179633363,-0.107453372
PID_ARF6_PATHWAY,0.033923069,0.1142069,0.06757524
PID_LKB1_PATHWAY,0.108462449,0.088278998,0.142659669
PID_CD8_TCR_PATHWAY,-0.04295454,-0.209842163,-0.08485536
PID_WNT_CANONICAL_PATHWAY,-0.032485617,-0.048267145,-0.13830009
PID_TCPTP_PATHWAY,0.318854991,0.457022686,0.16015445
PID_ANGIOPOIETIN_RECEPTOR_PATHWAY,-0.143400402,0.078534996,0.070109688
PID_FAS_PATHWAY,-0.088819873,-0.174692615,0.067711109
PID_CIRCADIAN_PATHWAY,-0.037359161,0.126948094,0.10538821
PID_TXA2PATHWAY,-0.04927869,-0.06569139,0.135259818
PID_SHP2_PATHWAY,0.017657663,0.117722304,0.086098713
PID_HDAC_CLASSI_PATHWAY,0.01877895,-0.147659404,0.03990861
PID_S1P_S1P1_PATHWAY,0.066607529,-0.055066656,0.037071437
PID_TELOMERASE_PATHWAY,0.146410402,0.057702128,0.15069213
PID_HNF3B_PATHWAY,0,0.327616076,0
PID_NETRIN_PATHWAY,-0.228318515,0.030909683,0.097594623
PID_IL1_PATHWAY,-0.108856498,-0.016824199,0.020925585
PID_NFAT_3PATHWAY,0.135974715,-0.140626548,0.141881031
PID_REG_GR_PATHWAY,0.176873755,-0.088022072,0.148804104
PID_CONE_PATHWAY,-0.169242899,0.074408162,0.011358873
PID_INTEGRIN_A9B1_PATHWAY,-0.087255299,0.018389856,0.026517796
PID_ERB_GENOMIC_PATHWAY,-0.021032407,-0.164095689,-0.148728905
PID_ARF6_DOWNSTREAM_PATHWAY,0.11377987,-0.026516672,0.078764822
PID_MTOR_4PATHWAY,0.026026105,0.104153999,0.069654787
PID_IL2_1PATHWAY,0.245883193,-0.013161138,0.063948967
PID_CXCR4_PATHWAY,-0.073849107,0.115295184,0.141515017
PID_IGF1_PATHWAY,-0.086069036,-0.068149483,0.134770694
PID_ERBB1_RECEPTOR_PROXIMAL_PATHWAY,-0.010585055,0.125650172,-0.025937475
PID_TNF_PATHWAY,-0.227603064,-0.047090072,-0.008607688
PID_PLK1_PATHWAY,0.116786036,0.106912483,0.141403749
PID_TCR_RAS_PATHWAY,0.165055362,-0.092003927,0.084885396
PID_IL5_PATHWAY,-0.000826598,0.088215287,0.050423754
PID_FOXO_PATHWAY,0.130371216,0.070981501,0.111016894
PID_VEGF_VEGFR_PATHWAY,0,0,0
PID_THROMBIN_PAR4_PATHWAY,-0.018219396,-0.012342157,0.082820857
PID_MYC_PATHWAY,-0.067862994,-0.081544932,0.023606952
PID_RANBP2_PATHWAY,0.130090167,-0.021035354,0.104288742
PID_PI3KCI_PATHWAY,0.257810204,0.108634946,0.143858629
PID_AJDISS_2PATHWAY,-0.048108125,0.032901661,0.054632007
PID_IL2_PI3K_PATHWAY,0.129718813,0.031367216,0.099599365
PID_CERAMIDE_PATHWAY,0.042034546,-0.028561883,0.083692276
PID_P53_DOWNSTREAM_PATHWAY,0.148294071,0.122617911,0.121296429
PID_AR_TF_PATHWAY,0.028017279,-0.077256748,0.146326969
PID_P75_NTR_PATHWAY,0.110576155,-0.021938818,-0.006148312
PID_S1P_META_PATHWAY,0.025011394,-0.136492978,-0.144420026
PID_ECADHERIN_NASCENT_AJ_PATHWAY,-0.0213632,0.026761687,0.049416515
PID_INTEGRIN4_PATHWAY,0,0,0
PID_AMB2_NEUTROPHILS_PATHWAY,0.09643766,0.045961026,0.011109925
PID_AVB3_INTEGRIN_PATHWAY,0.030347976,0.018325978,0.152465327
PID_IFNG_PATHWAY,0.0051584,0.046987121,0.099631352
PID_RXR_VDR_PATHWAY,-0.040652704,-0.086634184,0.078700403
PID_LIS1_PATHWAY,-0.186272646,0.094287114,0.036376246
PID_ERBB1_DOWNSTREAM_PATHWAY,0.272957938,0.117422266,0.117084935
PID_SYNDECAN_4_PATHWAY,-0.063184632,-0.038810735,0.081180979
PID_ATF2_PATHWAY,0.448790712,0.391086609,0.169881697
PID_AP1_PATHWAY,0.102088697,-0.07445441,-0.002466565
PID_INTEGRIN2_PATHWAY,-0.142103801,-0.179236708,-0.374779882
PID_UPA_UPAR_PATHWAY,-0.095551755,0.055442461,0.063227035
PID_ERBB2_ERBB3_PATHWAY,0.125003437,-0.013229232,0.043062478
PID_FOXM1_PATHWAY,0.2513534,0.016838694,0.023992482
PID_EPHA_FWDPATHWAY,0.011852397,0.162674002,0.07870068
PID_HIF1A_PATHWAY,-0.032529121,-0.067717936,0.124678803
PID_BMP_PATHWAY,-0.198872215,-0.003028179,-0.038186786
PID_IL3_PATHWAY,0.05760266,0.034390705,0.045502559
PID_IL6_7_PATHWAY,0.273897836,0.126816441,0.047953308
PID_ECADHERIN_KERATINOCYTE_PATHWAY,0.093493256,0.037895833,0.127311969
PID_ALK1_PATHWAY,-0.175957025,-0.077937312,-0.114022515
PID_PDGFRB_PATHWAY,0.155720077,-0.014890375,0.069597862
PID_TRKR_PATHWAY,-0.296573778,0.060726637,0.133195124
PID_TCR_JNK_PATHWAY,0.152304884,0.003377392,-0.238119193
PID_NEPHRIN_NEPH1_PATHWAY,-0.078165884,-0.028719801,0.125863024
PID_CMYB_PATHWAY,-0.009469695,-0.043419637,0.14884453
PID_IL23_PATHWAY,-0.042072537,-0.21989301,0.060556426
PID_HIV_NEF_PATHWAY,0.089790744,-0.113474825,0.039780223
PID_SYNDECAN_1_PATHWAY,0.192471567,0.064265864,0.107474347
PID_P38_MK2_PATHWAY,0.112775783,0.04585292,0.114254514
PID_ERA_GENOMIC_PATHWAY,0.176643815,0.074909896,-0.012342738
PID_ERBB_NETWORK_PATHWAY,0,0,0
PID_ALK2_PATHWAY,-0.218605928,0.163514487,0.057541093
PID_RHODOPSIN_PATHWAY,0,0,0
PID_PDGFRA_PATHWAY,0.198712654,-0.02964453,0.064319741
PID_RETINOIC_ACID_PATHWAY,0.148665119,-0.080340075,0.110739238
PID_P38_GAMMA_DELTA_PATHWAY,0.109861249,0.115895994,-0.137359996
PID_IL8_CXCR2_PATHWAY,0.048266311,-0.048288849,0.143893596
PID_HEDGEHOG_2PATHWAY,-0.022267544,0.021023668,0.02623169
PID_INTEGRIN5_PATHWAY,0.064932674,0.029092813,0.021681687
PID_AR_NONGENOMIC_PATHWAY,0.214390691,-0.052788948,0.059049487
PID_ERBB1_INTERNALIZATION_PATHWAY,-0.282762735,0.085790357,0.087552101
PID_HEDGEHOG_GLI_PATHWAY,0.062892244,-0.0082908,0.017516761
PID_CASPASE_PATHWAY,0.10083195,-0.003150363,-0.045838943
PID_CXCR3_PATHWAY,0.079375776,-0.056869251,-0.008609367
PID_BETA_CATENIN_NUC_PATHWAY,0.095956707,0.08677121,0.012648368
PID_VEGFR1_PATHWAY,-0.043600163,-0.0391165,0.098627493
PID_SMAD2_3PATHWAY,-0.046433522,-0.17064191,0.085951567
PID_P38_ALPHA_BETA_DOWNSTREAM_PATHWAY,0.004717986,-0.046336146,-0.029541691
PID_KIT_PATHWAY,-0.025641778,-0.067001282,0.02585936
PID_ECADHERIN_STABILIZATION_PATHWAY,0.052140089,0.111499113,-0.025329843
PID_EPO_PATHWAY,0.026345796,-0.074043948,0.093296078
PID_IL2_STAT5_PATHWAY,0.143077195,0.143813651,0.113125528
PID_TCR_CALCIUM_PATHWAY,0.248002893,-0.076646375,0.094815372
PID_DELTA_NP63_PATHWAY,-0.063719484,0.133772729,-0.102828682
PID_VEGFR1_2_PATHWAY,0.10339302,0.17294332,0.086073784
PID_THROMBIN_PAR1_PATHWAY,0.053072088,0.040701028,-0.030747971
PID_A6B1_A6B4_INTEGRIN_PATHWAY,0.093533707,0.1487962,0.125427256
PID_SYNDECAN_2_PATHWAY,0.031186666,0.094924758,0.065180906
PID_RAC1_REG_PATHWAY,-0.07331188,-0.131967266,0.105881125
PID_AURORA_A_PATHWAY,0.096967789,-0.202187276,-0.094712706
PID_ARF_3PATHWAY,0.219494826,0.073105796,0.066439053
PID_INSULIN_GLUCOSE_PATHWAY,0.401621256,0.542359263,0.314079432
PID_PI3KCI_AKT_PATHWAY,0.119153003,0.092331279,0.150028037
PID_SYNDECAN_3_PATHWAY,0.016270213,0.034655246,0.052474765
PID_IL8_CXCR1_PATHWAY,0.083196423,-0.001081156,0.085921214
PID_MYC_REPRESS_PATHWAY,-0.119875969,-0.007598057,-0.136484539
PID_HIF1_TFPATHWAY,0.243602591,0.163078544,0.137820423
PID_TAP63_PATHWAY,-0.052718508,0.123391571,-0.111909853
PID_EPHRINB_REV_PATHWAY,-0.040367487,-0.030657468,0.061559619
PID_BARD1_PATHWAY,-0.176037024,0.093156406,-0.092738318
PID_P53_REGULATION_PATHWAY,0.044143202,0.09798621,0.057818248
PID_TOLL_ENDOGENOUS_PATHWAY,0.073398451,0.097399642,0.106359694
PID_NCADHERIN_PATHWAY,-0.104330415,0.239495951,0.109781668
PID_ANTHRAX_PATHWAY,-0.139467172,-0.24420937,0.047311744
PID_S1P_S1P2_PATHWAY,0.230222749,0.012240835,0.07381729
PID_RAS_PATHWAY,-0.15380307,0.008760237,0.115397929
PID_MAPK_TRK_PATHWAY,0.17042891,-0.043331382,0.142678081
PID_PI3K_PLC_TRK_PATHWAY,0.045274285,0.070135502,0.138990217
PID_CD8_TCR_DOWNSTREAM_PATHWAY,0.190296016,-0.174959983,-0.019673122
PID_EPHA2_FWD_PATHWAY,0.078763352,-0.030698701,0.127060897
PID_LYMPH_ANGIOGENESIS_PATHWAY,-0.073108572,0.051990719,-0.039302689
PID_ALPHA_SYNUCLEIN_PATHWAY,0.254090432,0.195584234,-0.146336847
PID_FGF_PATHWAY,0.151571234,0.011274416,0.055361388
PID_INTEGRIN_A4B1_PATHWAY,-0.013552774,0.047757237,0.106816045
PID_RAC1_PATHWAY,0.046537162,0.039789921,0.074642706
PID_RB_1PATHWAY,0.093631362,-0.033486587,0.092274536
PID_FAK_PATHWAY,-0.160997062,0.058991926,0.109743429
PID_HNF3A_PATHWAY,0.548168354,-0.025595006,0
PID_TGFBR_PATHWAY,-0.012772832,0.078766845,0.119529567
PID_HES_HEY_PATHWAY,-0.04952764,0.022918681,0.11992246
PID_IL12_STAT4_PATHWAY,0.233009136,-0.032440263,0.021330632
REACTOME_GLYCOGEN_BREAKDOWN_GLYCOGENOLYSIS,0.099965897,0.071983818,-0.092294898
REACTOME_TRANSLATION,0.022095811,0.074410543,0.048357993
REACTOME_PYRIMIDINE_CATABOLISM,0,0,0
REACTOME_RNA_POL_III_TRANSCRIPTION_INITIATION_FROM_TYPE_2_PROMOTER,0.058900391,0.001413408,-0.139198878
REACTOME_INHIBITION_OF_THE_PROTEOLYTIC_ACTIVITY_OF_APC_C_REQUIRED_FOR_THE_ONSET_OF_ANAPHASE_BY_MITOTIC_SPINDLE_CHECKPOINT_COMPONENTS,0.19317934,0.190282228,0.107517668
REACTOME_PYRUVATE_METABOLISM_AND_CITRIC_ACID_TCA_CYCLE,0.040622507,0.047742737,0.121164837
REACTOME_EXTRINSIC_PATHWAY_FOR_APOPTOSIS,-0.332317834,-0.008738646,0.02762446
REACTOME_PTM_GAMMA_CARBOXYLATION_HYPUSINE_FORMATION_AND_ARYLSULFATASE_ACTIVATION,0.159014636,-0.021723858,0.101942429
REACTOME_APOPTOTIC_CLEAVAGE_OF_CELLULAR_PROTEINS,0.154773326,0.073872989,-0.063314561
REACTOME_RNA_POL_I_TRANSCRIPTION_TERMINATION,0.21465193,0.055341482,-0.052367366
REACTOME_FORMATION_OF_THE_TERNARY_COMPLEX_AND_SUBSEQUENTLY_THE_43S_COMPLEX,0.015922549,0.123267917,0.068731882
REACTOME_ACTIVATION_OF_THE_PRE_REPLICATIVE_COMPLEX,-0.043755316,0.195935132,-0.181647649
REACTOME_PROCESSING_OF_INTRONLESS_PRE_MRNAS,-0.161837104,-0.006330105,0.090474238
REACTOME_GAP_JUNCTION_DEGRADATION,0.079331563,-0.116440544,0.090136672
REACTOME_BASE_EXCISION_REPAIR,0.018109772,0.187549915,0.075647093
REACTOME_BILE_ACID_AND_BILE_SALT_METABOLISM,0.001705939,0.205642053,0.043066149
REACTOME_SYNTHESIS_OF_BILE_ACIDS_AND_BILE_SALTS_VIA_7ALPHA_HYDROXYCHOLESTEROL,-0.010642497,0.196129316,0.040887257
REACTOME_RECYCLING_OF_BILE_ACIDS_AND_SALTS,0,0,0
REACTOME_SIGNALING_BY_RHO_GTPASES,-0.198684565,0.038597285,0.142639552
REACTOME_SIGNALING_BY_WNT,0.096143772,0.123586485,0.054855749
REACTOME_METABOLISM_OF_NON_CODING_RNA,-0.066600242,0.002244292,-0.128513832
REACTOME_SYNTHESIS_OF_BILE_ACIDS_AND_BILE_SALTS_VIA_24_HYDROXYCHOLESTEROL,0.022095811,0.079235008,0.008
REACTOME_SYNTHESIS_OF_BILE_ACIDS_AND_BILE_SALTS,0.001705939,0.205641656,0.043066149
REACTOME_METABOLISM_OF_STEROID_HORMONES_AND_VITAMINS_A_AND_D,-0.02547122,-0.004190011,-0.127361585
REACTOME_ANDROGEN_BIOSYNTHESIS,0,0,0
REACTOME_SIGNALLING_BY_NGF,0.155137585,-0.138312287,0.123001853
REACTOME_CTNNB1_PHOSPHORYLATION_CASCADE,0.232047469,0.053804505,0.084076825
REACTOME_INSULIN_RECEPTOR_RECYCLING,0.331166604,0.453857357,0.175243417
REACTOME_COPI_MEDIATED_TRANSPORT,0.147197236,0.191368976,-0.011077585
REACTOME_NEF_MEDIATED_DOWNREGULATION_OF_MHC_CLASS_I_COMPLEX_CELL_SURFACE_EXPRESSION,0.026341964,-0.192222181,-0.123051577
REACTOME_SIGNALING_BY_SCF_KIT,-0.054919142,-0.079614668,-0.094784295
REACTOME_DEVELOPMENTAL_BIOLOGY,0.193464487,0.327186473,0.1536965
REACTOME_CROSS_PRESENTATION_OF_SOLUBLE_EXOGENOUS_ANTIGENS_ENDOSOMES,0.164792177,0.161148227,0.112755998
REACTOME_SIGNALING_BY_NODAL,-0.114429011,0.143050693,0.048355059
REACTOME_DAG_AND_IP3_SIGNALING,0.075980871,0.058306303,-0.129106803
REACTOME_SPRY_REGULATION_OF_FGF_SIGNALING,0.152481164,0.004804704,0.018524833
REACTOME_TCA_CYCLE_AND_RESPIRATORY_ELECTRON_TRANSPORT,0.049937438,-0.009722546,0.056566641
REACTOME_BMAL1_CLOCK_NPAS2_ACTIVATES_CIRCADIAN_EXPRESSION,0.009856408,0.049170352,-0.121868636
REACTOME_ANTIGEN_PROCESSING_CROSS_PRESENTATION,0.183982749,0.05124734,0.028075365
REACTOME_GROWTH_HORMONE_RECEPTOR_SIGNALING,0.089460208,-0.073865399,0.073617625
REACTOME_TRIF_MEDIATED_TLR3_SIGNALING,0.326805576,-0.041340883,-0.018445185
REACTOME_CELL_CELL_COMMUNICATION,0.014200673,0.2107858,0.105751599
REACTOME_ABCA_TRANSPORTERS_IN_LIPID_HOMEOSTASIS,0.149086599,0.127800677,0.041982207
REACTOME_ENDOSOMAL_VACUOLAR_PATHWAY,0.029381065,-0.162917961,-0.075464032
REACTOME_TETRAHYDROBIOPTERIN_BH4_SYNTHESIS_RECYCLING_SALVAGE_AND_REGULATION,0.22854114,0.027438528,-0.062707984
REACTOME_ER_PHAGOSOME_PATHWAY,0.204171716,0.069736881,0.118317447
REACTOME_MEIOSIS,0.02869306,-0.101214151,-0.050411998
REACTOME_NEGATIVE_REGULATION_OF_FGFR_SIGNALING,0.189894946,0.027116142,0.013525333
REACTOME_G0_AND_EARLY_G1,0.114705731,0.142415185,0.06256302
REACTOME_REGULATION_OF_KIT_SIGNALING,-0.099558806,-0.014327552,0.034008145
REACTOME_MEMBRANE_TRAFFICKING,0.112400077,0.168761589,0.017220725
REACTOME_NEF_MEDIATES_DOWN_MODULATION_OF_CELL_SURFACE_RECEPTORS_BY_RECRUITING_THEM_TO_CLATHRIN_ADAPTERS,0.162105464,-0.106935181,-0.047958487
REACTOME_IMMUNOREGULATORY_INTERACTIONS_BETWEEN_A_LYMPHOID_AND_A_NON_LYMPHOID_CELL,0.008616407,-0.09278966,-0.00614893
REACTOME_ACTIVATED_AMPK_STIMULATES_FATTY_ACID_OXIDATION_IN_MUSCLE,0.121887541,0.147748607,0.056532176
REACTOME_VITAMIN_B5_PANTOTHENATE_METABOLISM,0.025575121,0.173798583,0.032792536
REACTOME_BOTULINUM_NEUROTOXICITY,0.161750912,0.216730526,-0.012467748
REACTOME_METABOLISM_OF_VITAMINS_AND_COFACTORS,0.066348526,0.150146629,-0.131576243
REACTOME_TRANS_GOLGI_NETWORK_VESICLE_BUDDING,0.194048353,0.102943343,0.003688766
REACTOME_PROTEOLYTIC_CLEAVAGE_OF_SNARE_COMPLEX_PROTEINS,0.161751516,0.216730526,-0.011220956
REACTOME_RESOLUTION_OF_AP_SITES_VIA_THE_MULTIPLE_NUCLEOTIDE_PATCH_REPLACEMENT_PATHWAY,0.065244465,0.266492209,0.070592549
REACTOME_GAMMA_CARBOXYLATION_TRANSPORT_AND_AMINO_TERMINAL_CLEAVAGE_OF_PROTEINS,-0.103944644,0.00516587,0.02762446
REACTOME_IL_7_SIGNALING,-0.069367335,-0.077503768,0.016192893
REACTOME_CELL_CYCLE,0.131771706,0.067421002,0.142795145
REACTOME_SIGNALING_BY_ERBB4,0.075032038,-0.151756046,-0.139780445
REACTOME_ORC1_REMOVAL_FROM_CHROMATIN,0.134690322,0.165951088,0.114766478
REACTOME_O_LINKED_GLYCOSYLATION_OF_MUCINS,0.120808624,0.018576278,-0.154880009
REACTOME_SULFUR_AMINO_ACID_METABOLISM,0.152685405,0.052924124,0.084885827
REACTOME_DOWNREGULATION_OF_ERBB2_ERBB3_SIGNALING,0.017053447,0.073632036,-0.079697873
REACTOME_ANTIVIRAL_MECHANISM_BY_IFN_STIMULATED_GENES,-0.146890038,0.047756369,-0.107107733
REACTOME_PROLACTIN_RECEPTOR_SIGNALING,-0.061601152,-0.035011283,0.058552171
REACTOME_SIGNALING_BY_ERBB2,0.010696349,-0.001603671,0.030739162
REACTOME_SPHINGOLIPID_DE_NOVO_BIOSYNTHESIS,-0.018767087,0.044147554,-0.141532453
REACTOME_TERMINATION_OF_O_GLYCAN_BIOSYNTHESIS,0,0.051792621,0.011358873
REACTOME_DEFENSINS,0,0,0
REACTOME_SIGNALING_BY_CONSTITUTIVELY_ACTIVE_EGFR,0.085015492,0.046887696,0.146323677
REACTOME_GRB2_EVENTS_IN_ERBB2_SIGNALING,-0.013475975,-0.063915167,0.086994881
REACTOME_SIGNALING_BY_EGFR_IN_CANCER,0.046932569,-0.011809887,0.059026893
REACTOME_MEMBRANE_BINDING_AND_TARGETTING_OF_GAG_PROTEINS,-0.026059784,0.001570266,-0.062107352
REACTOME_BETA_DEFENSINS,0,0,0
REACTOME_SRP_DEPENDENT_COTRANSLATIONAL_PROTEIN_TARGETING_TO_MEMBRANE,0.073521062,0.116248619,0.049392589
REACTOME_PI3K_EVENTS_IN_ERBB4_SIGNALING,0.137633686,-0.149061025,-0.082601646
REACTOME_SHC1_EVENTS_IN_ERBB4_SIGNALING,-0.007372224,-0.047972015,0.092268071
REACTOME_PI3K_EVENTS_IN_ERBB2_SIGNALING,0.121979925,-0.115011689,-0.089893008
REACTOME_NUCLEAR_SIGNALING_BY_ERBB4,0.135401769,-0.128027052,-0.154087569
REACTOME_GLYCOSPHINGOLIPID_METABOLISM,0.038375182,0.291577024,0.102258665
REACTOME_PPARA_ACTIVATES_GENE_EXPRESSION,-0.086622783,0.219081247,0.040589454
REACTOME_ASSOCIATION_OF_LICENSING_FACTORS_WITH_THE_PRE_REPLICATIVE_COMPLEX,-0.019228492,0.276292584,0.002521531
REACTOME_RIP_MEDIATED_NFKB_ACTIVATION_VIA_DAI,0.040446819,-0.133081451,0.073618982
REACTOME_PRE_NOTCH_TRANSCRIPTION_AND_TRANSLATION,-0.185175392,-0.059633736,-0.021029012
REACTOME_DEGRADATION_OF_THE_EXTRACELLULAR_MATRIX,0.129703067,0.173491209,-0.145910675
REACTOME_MITOCHONDRIAL_PROTEIN_IMPORT,0.043661027,0.011016179,0.065842904
REACTOME_SIGNALING_BY_HIPPO,-0.172315954,-0.016686925,-0.039900546
REACTOME_ACTIVATED_NOTCH1_TRANSMITS_SIGNAL_TO_THE_NUCLEUS,0.175079516,0.100799264,0.104517226
REACTOME_TRAFFICKING_AND_PROCESSING_OF_ENDOSOMAL_TLR,0,0,0
REACTOME_SIGNALING_BY_NOTCH4,-0.065416939,0.215153205,0.035200079
REACTOME_DOWNSTREAM_SIGNALING_EVENTS_OF_B_CELL_RECEPTOR_BCR,0.173528482,0.08860566,0.109787944
REACTOME_ACTIVATION_OF_NF_KAPPAB_IN_B_CELLS,0.096051657,0.11622039,0.061596257
REACTOME_RORA_ACTIVATES_CIRCADIAN_EXPRESSION,0.082070734,0.025111113,-0.145463611
REACTOME_ANTIGEN_ACTIVATES_B_CELL_RECEPTOR_LEADING_TO_GENERATION_OF_SECOND_MESSENGERS,0.085388321,0.047491002,-0.153919437
REACTOME_REGULATION_OF_COMPLEMENT_CASCADE,0,0,0
REACTOME_YAP1_AND_WWTR1_TAZ_STIMULATED_GENE_EXPRESSION,0.102402481,-0.067936254,-0.14063491
REACTOME_SIGNALING_BY_NOTCH2,-0.065416939,0.215154404,0.035200079
REACTOME_PRE_NOTCH_EXPRESSION_AND_PROCESSING,-0.081244043,0.130805006,0.002462437
REACTOME_SIGNALING_BY_THE_B_CELL_RECEPTOR_BCR,0.17183715,0.090599397,-0.009965059
REACTOME_EXTRACELLULAR_MATRIX_ORGANIZATION,0.154850477,0.216148801,0.019679824
REACTOME_NOTCH1_INTRACELLULAR_DOMAIN_REGULATES_TRANSCRIPTION,-0.214647656,0.091030446,0.081835926
REACTOME_CIRCADIAN_REPRESSION_OF_EXPRESSION_BY_REV_ERBA,0.092986618,0.096737722,-0.143634937
REACTOME_PRE_NOTCH_PROCESSING_IN_GOLGI,-0.018939723,0.259342422,0.093295625
REACTOME_SIGNALING_BY_NOTCH1,-0.06605131,0.13597646,0.116703136
REACTOME_SIGNALING_BY_NOTCH3,-0.065416939,0.215152406,0.035200079
REACTOME_TRIGLYCERIDE_BIOSYNTHESIS,0.126598971,0.033003786,0.145111915
REACTOME_INSULIN_RECEPTOR_SIGNALLING_CASCADE,0.322986901,0.457592342,0.157677495
REACTOME_ARMS_MEDIATED_ACTIVATION,-0.116571063,-0.176728956,0.092329616
REACTOME_PROLONGED_ERK_ACTIVATION_EVENTS,-0.098587488,-0.177055014,0.098976356
REACTOME_SIGNALLING_TO_RAS,0.024791113,-0.183194938,-0.105100398
REACTOME_SIGNALING_BY_BMP,-0.228314808,0.124417866,0.099758371
REACTOME_CELL_SURFACE_INTERACTIONS_AT_THE_VASCULAR_WALL,0.038853797,0.175037765,0.13421028
REACTOME_NGF_SIGNALLING_VIA_TRKA_FROM_THE_PLASMA_MEMBRANE,0.199820851,-0.055095837,-0.025827133
REACTOME_SIGNALLING_TO_ERKS,-0.082281997,-0.131900585,-0.06419592
REACTOME_P38MAPK_EVENTS,0.042250068,0.126625805,0.059552643
REACTOME_ACYL_CHAIN_REMODELLING_OF_PI,-0.286603671,-0.088878426,0.030277851
REACTOME_TGF_BETA_RECEPTOR_SIGNALING_IN_EMT_EPITHELIAL_TO_MESENCHYMAL_TRANSITION,0.03217774,-0.025098596,0.08731284
REACTOME_DOWNREGULATION_OF_TGF_BETA_RECEPTOR_SIGNALING,-0.031811043,0.070938465,0.129701899
REACTOME_COLLAGEN_FORMATION,0.11952946,0.153062921,0.078701097
REACTOME_SMAD2_SMAD3_SMAD4_HETEROTRIMER_REGULATES_TRANSCRIPTION,0.04026612,-0.022644631,0.084858798
REACTOME_SIGNALING_BY_FGFR_IN_DISEASE,0.137142478,-0.007085728,-0.109432565
REACTOME_HS_GAG_DEGRADATION,-0.0851197,0.064277985,0.049391925
REACTOME_SYNTHESIS_OF_PIPS_AT_THE_EARLY_ENDOSOME_MEMBRANE,0.080112731,0.136611355,0.045205728
REACTOME_SIGNALLING_TO_P38_VIA_RIT_AND_RIN,-0.048658962,-0.095994021,0.081798892
REACTOME_P53_INDEPENDENT_G1_S_DNA_DAMAGE_CHECKPOINT,0.160156328,0.142482717,0.1010724
REACTOME_REGULATION_OF_HYPOXIA_INDUCIBLE_FACTOR_HIF_BY_OXYGEN,-0.037948743,0.037087047,0.123528423
REACTOME_ACYL_CHAIN_REMODELLING_OF_PC,-0.026608915,0.068282948,0.056532307
REACTOME_SYNTHESIS_OF_PIPS_AT_THE_GOLGI_MEMBRANE,0.167033517,0.070051205,0.082809641
REACTOME_TGF_BETA_RECEPTOR_SIGNALING_ACTIVATES_SMADS,-0.037983566,0.080844067,0.114723094
REACTOME_ACTIVATED_POINT_MUTANTS_OF_FGFR2,0,0,0
REACTOME_PHOSPHOLIPID_METABOLISM,0.103682063,0.248370561,-0.023365057
REACTOME_CS_DS_DEGRADATION,0,0,0
REACTOME_SYNTHESIS_OF_PA,-0.048466023,0.137062242,0.055521672
REACTOME_OXYGEN_DEPENDENT_PROLINE_HYDROXYLATION_OF_HYPOXIA_INDUCIBLE_FACTOR_ALPHA,-0.027934118,0.052114227,0.034700926
REACTOME_SYNTHESIS_OF_PIPS_AT_THE_LATE_ENDOSOME_MEMBRANE,0.101227497,0.137610964,0.041982346
REACTOME_SYNTHESIS_OF_PE,0.050595244,0.035227521,0.051451106
REACTOME_GASTRIN_CREB_SIGNALLING_PATHWAY_VIA_PKC_AND_MAPK,-0.158240635,-0.346705703,-0.152467385
REACTOME_CHONDROITIN_SULFATE_BIOSYNTHESIS,0.070530839,-0.109983399,0.023272471
REACTOME_HYALURONAN_UPTAKE_AND_DEGRADATION,-0.115810942,0.061280128,0.034007993
REACTOME_SIGNALING_BY_FGFR1_MUTANTS,-0.107559353,-0.066843674,0.090120663
REACTOME_SYNTHESIS_OF_PIPS_AT_THE_PLASMA_MEMBRANE,-0.113478631,0.122375915,-0.077786869
REACTOME_THE_ACTIVATION_OF_ARYLSULFATASES,0.073407165,0.017945814,0.01817705
REACTOME_TRANSCRIPTIONAL_ACTIVITY_OF_SMAD2_SMAD3_SMAD4_HETEROTRIMER,-0.103385582,-0.048226211,0.098471565
REACTOME_HYALURONAN_METABOLISM,-0.038983878,0.103807241,0.039780108
REACTOME_DOWNREGULATION_OF_SMAD2_3_SMAD4_TRANSCRIPTIONAL_ACTIVITY,-0.078964097,0.02123957,0.045569888
REACTOME_KERATAN_SULFATE_BIOSYNTHESIS,-0.118136986,0.07842603,0.034007993
REACTOME_REVERSIBLE_HYDRATION_OF_CARBON_DIOXIDE,0,0,0
REACTOME_SIGNALING_BY_FGFR1_FUSION_MUTANTS,-0.146302859,0.097903608,0.080772859
REACTOME_ALPHA_LINOLENIC_ACID_ALA_METABOLISM,0.021418625,0.166404142,0.072609985
REACTOME_SIGNALING_BY_ACTIVATED_POINT_MUTANTS_OF_FGFR1,0,0,0
REACTOME_PI_METABOLISM,0.073982807,0.025877814,-0.099650947
REACTOME_ABACAVIR_TRANSPORT_AND_METABOLISM,0,0,0
REACTOME_CHONDROITIN_SULFATE_DERMATAN_SULFATE_METABOLISM,0.120884823,0.174346398,0.063516398
REACTOME_LATENT_INFECTION_OF_HOMO_SAPIENS_WITH_MYCOBACTERIUM_TUBERCULOSIS,0.179624947,0.168179726,0.147551074
REACTOME_SYNTHESIS_OF_PC,0.031559105,-0.036429144,0.055521672
REACTOME_HS_GAG_BIOSYNTHESIS,-0.333467045,0.060685372,0.021681481
REACTOME_SIGNALING_BY_FGFR3_MUTANTS,0,0,0
REACTOME_KERATAN_SULFATE_KERATIN_METABOLISM,-0.042954914,0.077485504,0.075644218
REACTOME_APOPTOSIS_INDUCED_DNA_FRAGMENTATION,-0.233627204,-0.073539731,0.034008755
REACTOME_KERATAN_SULFATE_DEGRADATION,0,0,0
REACTOME_HEPARAN_SULFATE_HEPARIN_HS_GAG_METABOLISM,-0.017060954,0.122587059,-0.006618815
REACTOME_GLYCOSAMINOGLYCAN_METABOLISM,0.013200407,0.215377865,0.129108933
REACTOME_ACYL_CHAIN_REMODELLING_OF_PG,0,0,0
REACTOME_ACYL_CHAIN_REMODELLING_OF_PE,-0.026608915,0.068283281,0.056532176
REACTOME_ACYL_CHAIN_REMODELLING_OF_PS,0,0,0
REACTOME_SIGNALING_BY_FGFR_MUTANTS,-0.089553525,-0.035740008,0.116549077
REACTOME_MHC_CLASS_II_ANTIGEN_PRESENTATION,0.014423224,0.177687655,0.125658193
REACTOME_GLYCEROPHOSPHOLIPID_BIOSYNTHESIS,0.054438808,0.125665395,0.006147971
REACTOME_A_TETRASACCHARIDE_LINKER_SEQUENCE_IS_REQUIRED_FOR_GAG_SYNTHESIS,-0.219200422,-0.049155718,0.021681481
REACTOME_CDK_MEDIATED_PHOSPHORYLATION_AND_REMOVAL_OF_CDC6,0.163806997,0.141707153,0.101409889
REACTOME_PLATELET_ADHESION_TO_EXPOSED_COLLAGEN,0,0,0
REACTOME_VEGF_LIGAND_RECEPTOR_INTERACTIONS,0,0,0
REACTOME_ENOS_ACTIVATION_AND_REGULATION,0.220319192,0.021700249,-0.062708454
REACTOME_MICRORNA_MIRNA_BIOGENESIS,-0.00276655,-0.038630722,-0.113334623
REACTOME_NUCLEAR_EVENTS_KINASE_AND_TRANSCRIPTION_FACTOR_ACTIVATION,0.184907798,-0.033303064,0.113112003
REACTOME_RETROGRADE_NEUROTROPHIN_SIGNALLING,0.132557411,-0.049246503,0.112061726
REACTOME_ERKS_ARE_INACTIVATED,0.133900593,-0.044433312,0.092250489
REACTOME_NEGATIVE_REGULATION_OF_THE_PI3K_AKT_NETWORK,0,0,0
REACTOME_PI3K_AKT_ACTIVATION,0.013837444,-0.039762118,0.015994755
REACTOME_REGULATORY_RNA_PATHWAYS,0.012427504,-0.073691048,-0.121787683
REACTOME_EGFR_DOWNREGULATION,-0.11858098,0.008931287,0.007483811
REACTOME_PROCESSING_OF_CAPPED_INTRON_CONTAINING_PRE_MRNA,-0.202312313,0.100860647,0.013968606
REACTOME_PECAM1_INTERACTIONS,-0.127131331,0.096759588,0.013967404
REACTOME_TCR_SIGNALING,0.074865251,-0.163184778,-0.029603786
REACTOME_REGULATION_OF_PYRUVATE_DEHYDROGENASE_PDH_COMPLEX,-0.028948606,0.001305492,0.086966958
REACTOME_DOWNSTREAM_TCR_SIGNALING,0.086032594,-0.085673922,0.099758528
REACTOME_BASIGIN_INTERACTIONS,0.080961177,0.138856317,0.129454831
REACTOME_AKT_PHOSPHORYLATES_TARGETS_IN_THE_CYTOSOL,0.121888063,0.166634197,0.050423754
REACTOME_GAB1_SIGNALOSOME,0.119046089,-0.101864361,-0.087614242
REACTOME_SHC1_EVENTS_IN_EGFR_SIGNALING,-0.017489802,-0.060166031,0.08387759
REACTOME_ACTIVATION_OF_THE_MRNA_UPON_BINDING_OF_THE_CAP_BINDING_COMPLEX_AND_EIFS_AND_SUBSEQUENT_BINDING_TO_43S,0.103140658,0.229535634,0.055537532
REACTOME_PHOSPHORYLATION_OF_CD3_AND_TCR_ZETA_CHAINS,0,0,0
REACTOME_GLUTAMATE_NEUROTRANSMITTER_RELEASE_CYCLE,0.245590556,0.174723272,0.111973756
REACTOME_TRANSLOCATION_OF_ZAP_70_TO_IMMUNOLOGICAL_SYNAPSE,0,0,0
REACTOME_ERK_MAPK_TARGETS,0.204326473,-0.045443398,0.110846094
REACTOME_TIE2_SIGNALING,-0.037190322,0.076837107,0.055522327
REACTOME_GENERATION_OF_SECOND_MESSENGER_MOLECULES,0.077420731,0.048586992,0.02762446
REACTOME_GENERIC_TRANSCRIPTION_PATHWAY,-0.260739873,-0.16779489,0.078692018
REACTOME_RESPONSE_TO_ELEVATED_PLATELET_CYTOSOLIC_CA2_,0.085721893,0.152260345,-0.030784953
REACTOME_TRANSPORT_OF_MATURE_TRANSCRIPT_TO_CYTOPLASM,-0.200153818,0.007681302,0.009105908
REACTOME_METABOLISM_OF_AMINO_ACIDS_AND_DERIVATIVES,0.083838603,0.083384485,0.076373571
REACTOME_RNA_POL_I_TRANSCRIPTION,0.15244345,-0.098915409,0.060249028
REACTOME_FATTY_ACYL_COA_BIOSYNTHESIS,0.10165112,0.049831359,0.123511036
REACTOME_E2F_ENABLED_INHIBITION_OF_PRE_REPLICATION_COMPLEX_FORMATION,0,0,0
REACTOME_P75NTR_RECRUITS_SIGNALLING_COMPLEXES,0.013746653,0.049999842,0.02233348
REACTOME_BIOLOGICAL_OXIDATIONS,-0.095162842,-0.003732086,-0.147547976
REACTOME_REGULATED_PROTEOLYSIS_OF_P75NTR,-0.023002292,0.259986806,0.052474107
REACTOME_TRANSMISSION_ACROSS_CHEMICAL_SYNAPSES,-0.015789554,-0.055929621,-0.045493755
REACTOME_P75NTR_SIGNALS_VIA_NFKB,-0.032560372,0.010727961,0.059105064
REACTOME_CASPASE_MEDIATED_CLEAVAGE_OF_CYTOSKELETAL_PROTEINS,0.026515652,0.161720689,0.05247437
REACTOME_XENOBIOTICS,0,0,0
REACTOME_INTEGRIN_CELL_SURFACE_INTERACTIONS,-0.15119092,0.089709867,0.141401628
REACTOME_REGULATION_OF_ORNITHINE_DECARBOXYLASE_ODC,0.107308822,0.172036944,0.077390494
REACTOME_CYTOCHROME_P450_ARRANGED_BY_SUBSTRATE_TYPE,0.119881311,0.157569577,0.030277851
REACTOME_BASE_FREE_SUGAR_PHOSPHATE_REMOVAL_VIA_THE_SINGLE_NUCLEOTIDE_REPLACEMENT_PATHWAY,0.149088923,0.180214057,0.045208032
REACTOME_APOPTOTIC_CLEAVAGE_OF_CELL_ADHESION_PROTEINS,0.094641842,0.033567073,0.07465089
REACTOME_HDL_MEDIATED_LIPID_TRANSPORT,0,0,0
REACTOME_NRAGE_SIGNALS_DEATH_THROUGH_JNK,-0.105519154,-0.117247667,0.052925364
REACTOME_SLBP_DEPENDENT_PROCESSING_OF_REPLICATION_DEPENDENT_HISTONE_PRE_MRNAS,-0.035582178,0.035022374,0.028826017
REACTOME_NRIF_SIGNALS_CELL_DEATH_FROM_THE_NUCLEUS,0.136223018,0.041935832,0.092261638
REACTOME_REGULATION_OF_APOPTOSIS,0.172499811,0.156492511,0.105260984
REACTOME_RNA_POL_II_TRANSCRIPTION,-0.127611582,-0.078407842,0.03642646
REACTOME_NEURONAL_SYSTEM,0.004244678,0.092901468,0.02828075
REACTOME_NFKB_IS_ACTIVATED_AND_SIGNALS_SURVIVAL,0.003258981,0.011811636,0.053032913
REACTOME_REGULATION_OF_BETA_CELL_DEVELOPMENT,0.644323481,0.371527432,0.563364089
REACTOME_PHASE1_FUNCTIONALIZATION_OF_COMPOUNDS,0.003632899,0.035867916,0.072909403
REACTOME_RNA_POL_III_TRANSCRIPTION,0.040800334,0.013635043,-0.14021533
REACTOME_CELL_DEATH_SIGNALLING_VIA_NRAGE_NRIF_AND_NADE,0.01988885,-0.069672539,0.122982473
REACTOME_NEUROTRANSMITTER_RELEASE_CYCLE,0.277125726,0.186148496,0.150008909
REACTOME_P75_NTR_RECEPTOR_MEDIATED_SIGNALLING,0.058300047,-0.074827007,0.142684291
REACTOME_AMINO_ACID_TRANSPORT_ACROSS_THE_PLASMA_MEMBRANE,0.104678184,0.115972823,0.097588091
REACTOME_ENDOGENOUS_STEROLS,0,0,0
REACTOME_REGULATION_OF_GENE_EXPRESSION_IN_BETA_CELLS,-0.022095811,0.150380949,-0.011359237
REACTOME_GLYCOLYSIS,0.24373392,0.167244422,0.134196556
REACTOME_PROCESSIVE_SYNTHESIS_ON_THE_LAGGING_STRAND,-0.052382215,0.18210245,0.046262387
REACTOME_PEPTIDE_CHAIN_ELONGATION,0.077472196,0.180918918,0.055529404
REACTOME_COMMON_PATHWAY,0,0,0
REACTOME_MRNA_CAPPING,0.00117813,0.056049405,0.097848985
REACTOME_MITOCHONDRIAL_FATTY_ACID_BETA_OXIDATION,0.220173393,0.3092351,0.07381463
REACTOME_SIGNALING_BY_GPCR,-0.169620114,-0.20963261,-0.09606532
REACTOME_PEPTIDE_LIGAND_BINDING_RECEPTORS,-0.119649283,0.185374268,-0.141260019
REACTOME_METABOLISM_OF_POLYAMINES,0.095882825,-0.094590574,0.104150342
REACTOME_CLASS_A1_RHODOPSIN_LIKE_RECEPTORS,-0.054674378,0.196110126,-0.120751795
REACTOME_NOTCH_HLH_TRANSCRIPTION_PATHWAY,-0.213284141,0.009229144,0.044140427
REACTOME_INTEGRATION_OF_ENERGY_METABOLISM,0.09589475,0.070664399,-0.12791252
REACTOME_CELL_CYCLE_MITOTIC,0.123861381,0.10845305,0.150280085
REACTOME_GLUCONEOGENESIS,0.228590982,0.182866113,0.12941288
REACTOME_DOPAMINE_NEUROTRANSMITTER_RELEASE_CYCLE,0.261968751,0.270896413,0.105249913
REACTOME_OPIOID_SIGNALLING,0.082411654,-0.080115269,-0.020903288
REACTOME_RECRUITMENT_OF_MITOTIC_CENTROSOME_PROTEINS_AND_COMPLEXES,0.104830165,0.131719248,0.139075617
REACTOME_MITOCHONDRIAL_TRNA_AMINOACYLATION,0.080172174,0.051595277,-0.029768522
REACTOME_CYTOSOLIC_TRNA_AMINOACYLATION,-0.047374663,0.16733844,0.006152984
REACTOME_CA_DEPENDENT_EVENTS,0.086886939,0.084409074,-0.129107965
REACTOME_ACETYLCHOLINE_NEUROTRANSMITTER_RELEASE_CYCLE,0,0,0
REACTOME_ADENYLATE_CYCLASE_ACTIVATING_PATHWAY,0,0,0
REACTOME_ADENYLATE_CYCLASE_INHIBITORY_PATHWAY,0,0,0
REACTOME_DARPP_32_EVENTS,0.106731798,0.023680442,-0.0283053
REACTOME_CHEMOKINE_RECEPTORS_BIND_CHEMOKINES,0,0,0
REACTOME_LOSS_OF_NLP_FROM_MITOTIC_CENTROSOMES,0.079874878,0.164556697,0.150142734
REACTOME_NEUROTRANSMITTER_RECEPTOR_BINDING_AND_DOWNSTREAM_TRANSMISSION_IN_THE_POSTSYNAPTIC_CELL,-0.034401576,-0.225153194,-0.119267232
REACTOME_CELL_CYCLE_CHECKPOINTS,0.181530252,0.13250751,0.105370112
REACTOME_DIABETES_PATHWAYS,-0.025934112,0.251714138,-0.011066115
REACTOME_P130CAS_LINKAGE_TO_MAPK_SIGNALING_FOR_INTEGRINS,0.019588367,-0.025826425,-0.136742052
REACTOME_GLYCOPROTEIN_HORMONES,0,0,0
REACTOME_NOREPINEPHRINE_NEUROTRANSMITTER_RELEASE_CYCLE,0.250255771,0.2597588,0.108593733
REACTOME_PLC_BETA_MEDIATED_EVENTS,0.123387728,0.01555917,-0.126644966
REACTOME_REGULATION_OF_INSULIN_LIKE_GROWTH_FACTOR_IGF_ACTIVITY_BY_INSULIN_LIKE_GROWTH_FACTOR_BINDING_PROTEINS_IGFBPS,0.038687802,0.083853354,0.008
REACTOME_GRB2_SOS_PROVIDES_LINKAGE_TO_MAPK_SIGNALING_FOR_INTERGRINS_,-0.03965792,-0.016764787,-0.098743882
REACTOME_PEPTIDE_HORMONE_BIOSYNTHESIS,0,0,0
REACTOME_G_PROTEIN_ACTIVATION,0.016505841,-0.072950672,-0.078780804
REACTOME_ACETYLCHOLINE_BINDING_AND_DOWNSTREAM_EVENTS,0,0,0
REACTOME_ABC_FAMILY_PROTEINS_MEDIATED_TRANSPORT,0.253075894,0.170225588,0.0787086
REACTOME_TRNA_AMINOACYLATION,0.019484671,0.163097279,-0.024596605
REACTOME_OLFACTORY_SIGNALING_PATHWAY,0,0,0
REACTOME_STEROID_HORMONES,-0.096829682,0.145343047,0.030278014
REACTOME_PKA_MEDIATED_PHOSPHORYLATION_OF_CREB,-0.098715769,0.163409219,0.060556426
REACTOME_RECRUITMENT_OF_NUMA_TO_MITOTIC_CENTROSOMES,0.007146888,-0.028854094,0.036371236
REACTOME_AMINE_DERIVED_HORMONES,0,0,0
REACTOME_TRANSMEMBRANE_TRANSPORT_OF_SMALL_MOLECULES,0.334149693,0.227972255,0.055340784
REACTOME_INTEGRIN_ALPHAIIB_BETA3_SIGNALING,0.020488915,-0.09793394,0.093303487
REACTOME_NUCLEAR_RECEPTOR_TRANSCRIPTION_PATHWAY,0.113990642,0.07871788,0.106359859
REACTOME_INSULIN_SYNTHESIS_AND_PROCESSING,0.500816118,0.769717915,0.572663577
REACTOME_CYCLIN_E_ASSOCIATED_EVENTS_DURING_G1_S_TRANSITION_,0.109905715,0.072792045,0.072692869
REACTOME_HOMOLOGOUS_RECOMBINATION_REPAIR_OF_REPLICATION_INDEPENDENT_DOUBLE_STRAND_BREAKS,0.101788486,0.134305878,0.07363256
REACTOME_G1_PHASE,0.223189306,-0.002399099,0.118939088
REACTOME_ELEVATION_OF_CYTOSOLIC_CA2_LEVELS,0,0,0
REACTOME_P53_DEPENDENT_G1_DNA_DAMAGE_RESPONSE,0.211532865,0.202902401,0.117450592
REACTOME_TRANSCRIPTION_COUPLED_NER_TC_NER,0.034815223,-0.002946118,-0.079259058
REACTOME_RNA_POL_II_TRANSCRIPTION_PRE_INITIATION_AND_PROMOTER_OPENING,0.012060068,-0.062345215,-0.098453311
REACTOME_GLUCAGON_SIGNALING_IN_METABOLIC_REGULATION,-0.029687581,-0.334309162,-0.153694886
REACTOME_MRNA_PROCESSING,-0.146224704,0.050658241,0.013967705
REACTOME_SIGNALING_BY_PDGF,0.027950371,0.00028333,-0.146317971
REACTOME_ASSOCIATION_OF_TRIC_CCT_WITH_TARGET_PROTEINS_DURING_BIOSYNTHESIS,0.099228652,0.148260143,-0.063455596
REACTOME_PREFOLDIN_MEDIATED_TRANSFER_OF_SUBSTRATE_TO_CCT_TRIC,0.074588582,0.093314969,0.113138364
REACTOME_HORMONE_LIGAND_BINDING_RECEPTORS,0,0,0
REACTOME_GPVI_MEDIATED_ACTIVATION_CASCADE,-0.174018569,0.068249323,0.128215934
REACTOME_PROTEIN_FOLDING,0.165031039,0.080050769,0.039816682
REACTOME_FORMATION_OF_TUBULIN_FOLDING_INTERMEDIATES_BY_CCT_TRIC,0.096053587,0.176431353,0.089090698
REACTOME_PEROXISOMAL_LIPID_METABOLISM,-0.098158423,0.07136194,0.091177804
REACTOME_POST_CHAPERONIN_TUBULIN_FOLDING_PATHWAY,0.142234013,0.100164812,0.059127036
REACTOME_STRIATED_MUSCLE_CONTRACTION,-0.076310883,-0.069652445,0.086964487
REACTOME_METABOLISM_OF_NUCLEOTIDES,0.173449274,0.050572775,-0.027101809
REACTOME_AMINE_LIGAND_BINDING_RECEPTORS,0,0,0
REACTOME_METABOLISM_OF_PROTEINS,0.031417564,0.069328629,0.048355992
REACTOME_DOWNSTREAM_SIGNAL_TRANSDUCTION,0.0008277,-0.02680414,-0.146319068
REACTOME_MUSCLE_CONTRACTION,0.05142485,0.04859933,-0.141399932
REACTOME_SEROTONIN_RECEPTORS,0,0,0
REACTOME_CDC6_ASSOCIATION_WITH_THE_ORC_ORIGIN_COMPLEX,0,0,0
REACTOME_M_G1_TRANSITION,0.113966406,0.119511073,0.10996898
REACTOME_MRNA_SPLICING,0.031417564,0.069340577,0
REACTOME_MRNA_SPLICING_MINOR_PATHWAY,-0.066759204,0.046542528,-0.057194072
REACTOME_3_UTR_MEDIATED_TRANSLATIONAL_REGULATION,0.044922111,0.11249941,0.048355059
REACTOME_PROCESSING_OF_CAPPED_INTRONLESS_PRE_MRNA,-0.052957178,-0.038561372,0.025552952
REACTOME_PURINE_RIBONUCLEOSIDE_MONOPHOSPHATE_BIOSYNTHESIS,0.054197597,0.230868095,0.040887958
REACTOME_G1_S_TRANSITION,0.201750842,0.178376321,0.073522305
REACTOME_CITRIC_ACID_CYCLE_TCA_CYCLE,0.127920274,0.104666892,0.144168166
REACTOME_TRANSCRIPTION,-0.061373501,-0.171955751,0.068804174
REACTOME_POL_SWITCHING,-0.061810016,0.132456998,0.021681481
REACTOME_NUCLEOTIDE_EXCISION_REPAIR,0.057555383,-0.021746638,-0.069636318
REACTOME_REGULATION_OF_THE_FANCONI_ANEMIA_PATHWAY,0,0,0
REACTOME_AXON_GUIDANCE,-0.046274587,0.046957158,0.098368563
REACTOME_ACTIVATION_OF_CHAPERONE_GENES_BY_XBP1S,0.151064147,0.307464717,0.104546083
REACTOME_REGULATION_OF_INSULIN_SECRETION_BY_GLUCAGON_LIKE_PEPTIDE1,-0.051305577,-0.341119021,-0.153695578
REACTOME_PERK_REGULATED_GENE_EXPRESSION,0.049477455,0.220722175,0.136663399
REACTOME_G_ALPHA_Q_SIGNALLING_EVENTS,-0.14934086,-0.337308288,-0.148792942
REACTOME_P2Y_RECEPTORS,0,0,0
REACTOME_TRAFFICKING_OF_AMPA_RECEPTORS,-0.087855825,-0.037998489,0.077560115
REACTOME_NCAM1_INTERACTIONS,0,0,0
REACTOME_CLASS_C_3_METABOTROPIC_GLUTAMATE_PHEROMONE_RECEPTORS,0,0,0
REACTOME_REGULATION_OF_INSULIN_SECRETION,0.059708114,0.038543712,-0.129621476
REACTOME_NCAM_SIGNALING_FOR_NEURITE_OUT_GROWTH,-0.121181942,-0.003351992,0.011067161
REACTOME_INHIBITION_OF_INSULIN_SECRETION_BY_ADRENALINE_NORADRENALINE,0.004715834,-0.098297123,-0.060266295
REACTOME_NUCLEOTIDE_LIKE_PURINERGIC_RECEPTORS,0,0,0
REACTOME_ACTIVATION_OF_CHAPERONES_BY_ATF6_ALPHA,0.132989236,0.239706648,0.135293713
REACTOME_TRANSPORT_OF_MATURE_MRNA_DERIVED_FROM_AN_INTRONLESS_TRANSCRIPT,-0.098760238,0.083552419,-0.11637191
REACTOME_EICOSANOID_LIGAND_BINDING_RECEPTORS,0,0,0
REACTOME_ACTIVATION_OF_GENES_BY_ATF4,0.030044751,0.1741725,0.125900305
REACTOME_UNFOLDED_PROTEIN_RESPONSE,0.129956262,0.329615576,0.137099117
REACTOME_CLASS_B_2_SECRETIN_FAMILY_RECEPTORS,-0.011653122,-0.209910511,-0.097146222
REACTOME_GLUCAGON_TYPE_LIGAND_RECEPTORS,-0.011212393,-0.32922877,-0.153696039
REACTOME_REGULATION_OF_INSULIN_SECRETION_BY_ACETYLCHOLINE,0,0,0
REACTOME_G_ALPHA1213_SIGNALLING_EVENTS,-0.206735065,-0.089007463,0.106983997
REACTOME_FANCONI_ANEMIA_PATHWAY,0.125165078,0.029118759,-0.043915663
REACTOME_TRAFFICKING_OF_GLUR2_CONTAINING_AMPA_RECEPTORS,0.000254956,0.081918674,0.002562096
REACTOME_ACTIVATION_OF_CHAPERONE_GENES_BY_ATF6_ALPHA,0.139566702,0.237742945,0.142679366
REACTOME_PROSTANOID_LIGAND_RECEPTORS,0,0,0
REACTOME_OPSINS,0,0,0
REACTOME_FORMATION_OF_RNA_POL_II_ELONGATION_COMPLEX_,-0.074866845,0.074463101,0.112337476
REACTOME_MRNA_3_END_PROCESSING,-0.101097979,-0.012308374,0.051758388
REACTOME_POST_TRANSLATIONAL_MODIFICATION_SYNTHESIS_OF_GPI_ANCHORED_PROTEINS,0.166259201,0.109194669,-0.020939155
REACTOME_CYCLIN_A_B1_ASSOCIATED_EVENTS_DURING_G2_M_TRANSITION,-0.025351997,-0.077917674,0.0315502
REACTOME_ELONGATION_ARREST_AND_RECOVERY,-0.092909784,0.036641033,-0.033827221
REACTOME_SLC_MEDIATED_TRANSMEMBRANE_TRANSPORT,0.238006202,0.237522724,-0.030739069
REACTOME_ADP_SIGNALLING_THROUGH_P2RY1,-0.027283945,0.045410105,0.134190906
REACTOME_G_BETA_GAMMA_SIGNALLING_THROUGH_PLC_BETA,-0.019958618,-0.02467012,0.131791718
REACTOME_CD28_CO_STIMULATION,-0.195548404,0.003701528,0.033302801
REACTOME_GPCR_DOWNSTREAM_SIGNALING,-0.099594347,-0.183962045,-0.072684324
REACTOME_SYNTHESIS_SECRETION_AND_DEACYLATION_OF_GHRELIN,-0.044919399,0.230265867,-0.011358873
REACTOME_ADHERENS_JUNCTIONS_INTERACTIONS,0.124599226,0.105636451,0.104145624
REACTOME_CRMPS_IN_SEMA3A_SIGNALING,-0.069634224,-0.04344528,0.041982346
REACTOME_OTHER_SEMAPHORIN_INTERACTIONS,0.036911308,0.118808807,0.049391925
REACTOME_ACTIVATION_OF_RAC,0.056583985,-0.055038954,0.063565968
REACTOME_PURINE_SALVAGE,0.059912558,0.10832432,0.10194307
REACTOME_G_ALPHA_I_SIGNALLING_EVENTS,0.190369986,0.20294175,-0.039351852
REACTOME_SEMA3A_PAK_DEPENDENT_AXON_REPULSION,0.019312925,0.161188031,0.145090802
REACTOME_CD28_DEPENDENT_VAV1_PATHWAY,-0.134014633,0.090425178,0.054513153
REACTOME_SEMA4D_IN_SEMAPHORIN_SIGNALING,0.107196475,-0.053598688,-0.062711276
REACTOME_SEMAPHORIN_INTERACTIONS,0.016002675,0.116661653,0.126645916
REACTOME_SEMA4D_INDUCED_CELL_MIGRATION_AND_GROWTH_CONE_COLLAPSE,0.082187659,-0.056761069,-0.097150469
REACTOME_SEMA3A_PLEXIN_REPULSION_SIGNALING_BY_INHIBITING_INTEGRIN_ADHESION,-0.03465261,-0.104377088,0.044140563
REACTOME_LYSOSOME_VESICLE_BIOGENESIS,0.254311944,-0.030611207,0.082443173
REACTOME_G_BETA_GAMMA_SIGNALLING_THROUGH_PI3KGAMMA,-0.031524308,-0.012576496,0.141456165
REACTOME_TRANSPORT_OF_GLUCOSE_AND_OTHER_SUGARS_BILE_SALTS_AND_ORGANIC_ACIDS_METAL_IONS_AND_AMINE_COMPOUNDS,0.302711306,0.199975455,-0.102105945
REACTOME_SPHINGOLIPID_METABOLISM,0.036483008,0.276179097,0.006148174
REACTOME_PD1_SIGNALING,0,0,0
REACTOME_G_ALPHA_S_SIGNALLING_EVENTS,0.081207843,-0.140959566,-0.070600064
REACTOME_CELL_CELL_JUNCTION_ORGANIZATION,0.168436994,0.230902449,0.029514996
REACTOME_G_ALPHA_Z_SIGNALLING_EVENTS,0.160060838,0.167284934,-0.020902661
REACTOME_FACILITATIVE_NA_INDEPENDENT_GLUCOSE_TRANSPORTERS,0.055616925,0.088296948,0.01817705
REACTOME_COSTIMULATION_BY_THE_CD28_FAMILY,0.023845256,0.056128954,0.102176535
REACTOME_SIGNALING_BY_ROBO_RECEPTOR,-0.093905519,0.025363023,0.061802957
REACTOME_CD28_DEPENDENT_PI3K_AKT_SIGNALING,-0.010642671,-0.01255901,-0.08316065
REACTOME_TIGHT_JUNCTION_INTERACTIONS,0.155207291,0.176307526,0.072607011
REACTOME_G_PROTEIN_BETA_GAMMA_SIGNALLING,-0.002995147,-0.01642049,0.145114963
REACTOME_TRANSPORT_OF_INORGANIC_CATIONS_ANIONS_AND_AMINO_ACIDS_OLIGOPEPTIDES,0.082958961,0.081871625,-0.043087981
REACTOME_GOLGI_ASSOCIATED_VESICLE_BIOGENESIS,0.196776801,0.104896059,0.029510525
REACTOME_CTLA4_INHIBITORY_SIGNALING,0.222504853,0.082622238,0.112156124
REACTOME_FORMATION_OF_TRANSCRIPTION_COUPLED_NER_TC_NER_REPAIR_COMPLEX,-0.007960259,-0.007173586,-0.023975989
REACTOME_AMINO_ACID_AND_OLIGOPEPTIDE_SLC_TRANSPORTERS,0.084902747,0.090509028,0.110843365
REACTOME_CDT1_ASSOCIATION_WITH_THE_CDC6_ORC_ORIGIN_COMPLEX,0.159397493,0.144933783,0.098050569
REACTOME_BRANCHED_CHAIN_AMINO_ACID_CATABOLISM,0.158303546,0.107755791,0.085923236
REACTOME_REPAIR_SYNTHESIS_FOR_GAP_FILLING_BY_DNA_POL_IN_TC_NER,-0.047562782,0.169411381,-0.192628506
REACTOME_RECEPTOR_LIGAND_BINDING_INITIATES_THE_SECOND_PROTEOLYTIC_CLEAVAGE_OF_NOTCH_RECEPTOR,-0.026741876,0.127553349,-0.072608228
REACTOME_SYNTHESIS_OF_DNA,0.143913039,0.126029265,0.072994013
REACTOME_NA_CL_DEPENDENT_NEUROTRANSMITTER_TRANSPORTERS,0,0,0
REACTOME_FORMATION_OF_FIBRIN_CLOT_CLOTTING_CASCADE,0.139421775,-0.045955063,0.045205185
REACTOME_DEADENYLATION_OF_MRNA,-0.050734841,-0.024068718,0.048433673
REACTOME_MRNA_DECAY_BY_5_TO_3_EXORIBONUCLEASE,0.082509695,-0.099709987,0.097738346
REACTOME_SIGNAL_AMPLIFICATION,-0.011895379,-0.067279795,-0.030749817
REACTOME_ZINC_TRANSPORTERS,0.189832623,0.197120545,0.084882237
REACTOME_DOUBLE_STRAND_BREAK_REPAIR,0.049310064,0.018253933,-0.147446812
REACTOME_RAS_ACTIVATION_UOPN_CA2_INFUX_THROUGH_NMDA_RECEPTOR,0.139206364,0.072037353,-0.14756679
REACTOME_METAL_ION_SLC_TRANSPORTERS,0.232787742,0.15798874,-0.10228309
REACTOME_AUTODEGRADATION_OF_THE_E3_UBIQUITIN_LIGASE_COP1,0.167039375,0.163732546,0.103734844
REACTOME_SMOOTH_MUSCLE_CONTRACTION,0.052119143,-0.005651099,-0.151246203
REACTOME_ACTIVATION_OF_NMDA_RECEPTOR_UPON_GLUTAMATE_BINDING_AND_POSTSYNAPTIC_EVENTS,0.154840657,0.017089965,-0.138941219
REACTOME_CREB_PHOSPHORYLATION_THROUGH_THE_ACTIVATION_OF_RAS,0.077420906,0.049353865,-0.153698114
REACTOME_POST_NMDA_RECEPTOR_ACTIVATION_EVENTS,0.132555856,0.075312593,-0.151236902
REACTOME_UNBLOCKING_OF_NMDA_RECEPTOR_GLUTAMATE_BINDING_AND_ACTIVATION,0.002681665,-0.027388576,-0.129489271
REACTOME_METABOLISM_OF_MRNA,0.022095811,0.063939506,0.046266429
REACTOME_MRNA_DECAY_BY_3_TO_5_EXORIBONUCLEASE,0.017016067,0.183434671,0.046263195
REACTOME_BILE_SALT_AND_ORGANIC_ANION_SLC_TRANSPORTERS,0,0,0
REACTOME_DEADENYLATION_DEPENDENT_MRNA_DECAY,-0.034608252,-0.186961814,-0.134350534
REACTOME_CREB_PHOSPHORYLATION_THROUGH_THE_ACTIVATION_OF_CAMKII,0.121659052,0.037684938,-0.148826658
REACTOME_THROMBOXANE_SIGNALLING_THROUGH_TP_RECEPTOR,-0.03012406,-0.02803084,0.040615552
REACTOME_CELL_EXTRACELLULAR_MATRIX_INTERACTIONS,0.097193527,0.173410714,0.085925259
REACTOME_ADP_SIGNALLING_THROUGH_P2RY12,-0.018937672,-0.060109431,-0.07028873
REACTOME_CELL_JUNCTION_ORGANIZATION,0.056494136,0.242805695,0.094677044
REACTOME_AMINE_COMPOUND_SLC_TRANSPORTERS,0.092466076,0.045363634,0.01817705
REACTOME_PYRUVATE_METABOLISM,0.007561785,-0.075328015,0.109858573
REACTOME_PURINE_CATABOLISM,0.145868059,0.208811271,0.048354925
REACTOME_GLUCOSE_TRANSPORT,0.213146508,0.30923139,-0.030748617
REACTOME_FRS2_MEDIATED_CASCADE,-0.077142609,-0.121347096,0.106362337
REACTOME_METABOLISM_OF_RNA,0.022095811,0.058134137,0.045210066
REACTOME_MITOTIC_G1_G1_S_PHASES,0.212096925,0.138458795,0.056908253
REACTOME_PI_3K_CASCADE,-0.060951758,-0.081854944,-0.084876247
REACTOME_DOWNSTREAM_SIGNALING_OF_ACTIVATED_FGFR,0.029838974,-0.066046322,-0.146317971
REACTOME_REGULATION_OF_MITOTIC_CELL_CYCLE,0.176181013,0.163916314,0.101130716
REACTOME_TAK1_ACTIVATES_NFKB_BY_PHOSPHORYLATION_AND_ACTIVATION_OF_IKKS_COMPLEX,0.051624808,-0.193872245,-0.157593185
REACTOME_REGULATION_OF_AMPK_ACTIVITY_VIA_LKB1,0.089978346,0.005862903,0.050424151
REACTOME_MITOTIC_M_M_G1_PHASES,0.124877301,0.101674775,0.099838962
REACTOME_MYOGENESIS,0.054478874,0.107983317,-0.072260864
REACTOME_MAP_KINASE_ACTIVATION_IN_TLR_CASCADE,0.30857313,-0.053247818,0.104523183
REACTOME_PHOSPHOLIPASE_C_MEDIATED_CASCADE,0.02897901,0.056794065,-0.130373355
REACTOME_ACTIVATION_OF_KAINATE_RECEPTORS_UPON_GLUTAMATE_BINDING,0.027803575,-0.038042696,-0.146319287
REACTOME_IONOTROPIC_ACTIVITY_OF_KAINATE_RECEPTORS,0.054616082,0.020027308,-0.154051345
REACTOME_ACTIVATION_OF_THE_AP1_FAMILY_OF_TRANSCRIPTION_FACTORS,0.195205902,-0.110859919,0.08488396
REACTOME_MAPK_TARGETS_NUCLEAR_EVENTS_MEDIATED_BY_MAP_KINASES,0.298859978,0.000265422,0.118051838
REACTOME_SYNTHESIS_AND_INTERCONVERSION_OF_NUCLEOTIDE_DI_AND_TRIPHOSPHATES,0.018945188,-0.036566299,-0.031038922
REACTOME_GPCR_LIGAND_BINDING,-0.038687802,-0.015374861,-0.044163652
REACTOME_RNA_POL_I_RNA_POL_III_AND_MITOCHONDRIAL_TRANSCRIPTION,0.091998432,-0.140909121,-0.006148238
REACTOME_JNK_C_JUN_KINASES_PHOSPHORYLATION_AND_ACTIVATION_MEDIATED_BY_ACTIVATED_HUMAN_TAK1,0.207907648,0.098334065,0.046262117
REACTOME_SHC_MEDIATED_CASCADE,0.059877294,0.041513089,0.044140154
REACTOME_THROMBIN_SIGNALLING_THROUGH_PROTEINASE_ACTIVATED_RECEPTORS_PARS,-0.010840319,-0.131154581,0.020908056
REACTOME_ENERGY_DEPENDENT_REGULATION_OF_MTOR_BY_LKB1_AMPK,0.164520757,0.147214371,-0.144951027
REACTOME_MITOTIC_G2_G2_M_PHASES,0.068158667,0.122900356,0.145194935
REACTOME_REGULATION_OF_RHEB_GTPASE_ACTIVITY_BY_AMPK,0.086540576,0.086783971,0.054509217
REACTOME_ACTIVATED_TAK1_MEDIATES_P38_MAPK_ACTIVATION,0.101589955,-0.042865222,0.057540569
REACTOME_DNA_REPAIR,-0.094736885,-0.114990542,-0.118115873
REACTOME_EFFECTS_OF_PIP2_HYDROLYSIS,0.025778625,0.170577206,0.024784541
REACTOME_RNA_POL_II_PRE_TRANSCRIPTION_EVENTS,-0.08775334,0.003673651,-0.026067513
REACTOME_ROLE_OF_DCC_IN_REGULATING_APOPTOSIS,0.093753299,0.056468613,0.048354925
REACTOME_POST_TRANSLATIONAL_PROTEIN_MODIFICATION,0.055879727,0.228796239,-0.025822987
REACTOME_CHROMOSOME_MAINTENANCE,-0.003990221,-0.009369155,-0.090998838
REACTOME_DEPOSITION_OF_NEW_CENPA_CONTAINING_NUCLEOSOMES_AT_THE_CENTROMERE,-0.086215642,0.019857302,-0.006148653
REACTOME_L1CAM_INTERACTIONS,-0.188146657,0.03325864,-0.039749338
REACTOME_ROLE_OF_SECOND_MESSENGERS_IN_NETRIN1_SIGNALING,0,0,0
REACTOME_SIGNALING_BY_ILS,-0.191886973,-0.099684644,0.015994515
REACTOME_NETRIN1_SIGNALING,-0.20222787,-0.130046905,0.00246007
REACTOME_METABOLISM_OF_LIPIDS_AND_LIPOPROTEINS,0.093181793,0.191697499,0.075035636
REACTOME_INTERACTION_BETWEEN_L1_AND_ANKYRINS,-0.062490273,0.020405751,0.06757524
REACTOME_SIGNAL_TRANSDUCTION_BY_L1,-0.205219243,0.01164928,0.012325816
REACTOME_FATTY_ACID_TRIACYLGLYCEROL_AND_KETONE_BODY_METABOLISM,0.138825821,0.308610263,0.098383764
REACTOME_TRANSPORT_OF_VITAMINS_NUCLEOSIDES_AND_RELATED_MOLECULES,0.114947536,0.060246387,0.064567122
REACTOME_HIGHLY_CALCIUM_PERMEABLE_POSTSYNAPTIC_NICOTINIC_ACETYLCHOLINE_RECEPTORS,0,0,0
REACTOME_RNA_POL_I_PROMOTER_OPENING,0.149781119,0.024694991,-0.018181818
REACTOME_PRESYNAPTIC_NICOTINIC_ACETYLCHOLINE_RECEPTORS,0,0,0
REACTOME_ORGANIC_CATION_ANION_ZWITTERION_TRANSPORT,0,0,0
REACTOME_DCC_MEDIATED_ATTRACTIVE_SIGNALING,-0.185575024,-0.035938813,-0.080294523
REACTOME_RECYCLING_PATHWAY_OF_L1,-0.045707608,-0.076852154,0.059591575
REACTOME_SYNTHESIS_OF_SUBSTRATES_IN_N_GLYCAN_BIOSYTHESIS,0.086070724,0.182406899,0.096510214
REACTOME_RESPIRATORY_ELECTRON_TRANSPORT,0.106482043,0.112458442,0.042007068
REACTOME_ASPARAGINE_N_LINKED_GLYCOSYLATION,0.01572706,0.294869299,0.130369051
REACTOME_ASSEMBLY_OF_THE_PRE_REPLICATIVE_COMPLEX,0.134618637,0.15265351,0.112631893
REACTOME_BIOSYNTHESIS_OF_THE_N_GLYCAN_PRECURSOR_DOLICHOL_LIPID_LINKED_OLIGOSACCHARIDE_LLO_AND_TRANSFER_TO_A_NASCENT_PROTEIN,0.119791772,0.164276788,0.131789536
REACTOME_IL1_SIGNALING,-0.108235278,-0.153465227,0.028323903
REACTOME_GLOBAL_GENOMIC_NER_GG_NER,0.126738641,0.048972386,-0.03210665
REACTOME_CGMP_EFFECTS,0.021670575,-0.008558356,0.032795646
REACTOME_REGULATION_OF_SIGNALING_BY_CBL,0.043845569,0.007039539,0.037523702
REACTOME_AMINO_ACID_SYNTHESIS_AND_INTERCONVERSION_TRANSAMINATION,0.097415009,0.127527903,0.096516545
REACTOME_CALNEXIN_CALRETICULIN_CYCLE,0.045844062,0.209556616,0.102235575
REACTOME_SYNTHESIS_SECRETION_AND_INACTIVATION_OF_GIP,0.022925624,0.277851623,0.0553324
REACTOME_PASSIVE_TRANSPORT_BY_AQUAPORINS,0,0,0
REACTOME_NEPHRIN_INTERACTIONS,0.033242776,0.011178379,0.089075819
REACTOME_IL_3_5_AND_GM_CSF_SIGNALING,0.022581687,0.009192937,0.080165305
REACTOME_NITRIC_OXIDE_STIMULATES_GUANYLATE_CYCLASE,-0.053024324,0.011064153,-0.16838235
REACTOME_PLATELET_HOMEOSTASIS,0.221137455,0.046582881,-0.082381695
REACTOME_N_GLYCAN_TRIMMING_IN_THE_ER_AND_CALNEXIN_CALRETICULIN_CYCLE,0.046866841,0.193036105,0.101001845
REACTOME_PLATELET_SENSITIZATION_BY_LDL,0.160190801,0.031778434,0.099781893
REACTOME_AQUAPORIN_MEDIATED_TRANSPORT,0.158088349,0.043987631,0.055331155
REACTOME_IL_RECEPTOR_SHC_SIGNALING,-0.036337617,0.205581763,0.069584487
REACTOME_RAP1_SIGNALLING,0.011391152,-0.075202147,-0.003737081
REACTOME_PLATELET_CALCIUM_HOMEOSTASIS,-0.041822666,0.178378864,0.037523702
REACTOME_SIGNAL_REGULATORY_PROTEIN_SIRP_FAMILY_INTERACTIONS,0.001595106,0.047939735,0.038661431
REACTOME_PROSTACYCLIN_SIGNALLING_THROUGH_PROSTACYCLIN_RECEPTOR,0.12085314,0.121959998,-0.082384784
REACTOME_GABA_SYNTHESIS_RELEASE_REUPTAKE_AND_DEGRADATION,0.294931234,0.115513544,0.1390163
REACTOME_INCRETIN_SYNTHESIS_SECRETION_AND_INACTIVATION,-0.048702495,-0.25834145,-0.153926615
REACTOME_TRANSPORT_OF_ORGANIC_ANIONS,0,0,0
REACTOME_SYNTHESIS_SECRETION_AND_INACTIVATION_OF_GLP1,-0.045871912,-0.255878578,-0.153854651
REACTOME_REGULATION_OF_WATER_BALANCE_BY_RENAL_AQUAPORINS,0.158026416,0.03808187,0.055330491
REACTOME_DESTABILIZATION_OF_MRNA_BY_BRF1,0.152343731,0.080559779,0.061595731
REACTOME_IRAK1_RECRUITS_IKK_COMPLEX,0.123177001,0.173801753,0.035201277
REACTOME_TRAF6_MEDIATED_IRF7_ACTIVATION,-0.156159398,0.244009852,-0.163945801
REACTOME_CIRCADIAN_CLOCK,-0.015069947,0.066972243,-0.075424534
REACTOME_TRAF6_MEDIATED_NFKB_ACTIVATION,0.140921384,-0.083318242,0.079724324
REACTOME_FACTORS_INVOLVED_IN_MEGAKARYOCYTE_DEVELOPMENT_AND_PLATELET_PRODUCTION,0.015410654,0.05416299,0.011068024
REACTOME_REGULATION_OF_IFNG_SIGNALING,0.108409386,0.06771841,0.116550855
REACTOME_GABA_A_RECEPTOR_ACTIVATION,0,0,0
REACTOME_REGULATION_OF_MRNA_STABILITY_BY_PROTEINS_THAT_BIND_AU_RICH_ELEMENTS,0.088876005,-0.086193001,0.0656958
REACTOME_INHIBITION_OF_VOLTAGE_GATED_CA2_CHANNELS_VIA_GBETA_GAMMA_SUBUNITS,-0.092467914,-0.009791352,0.134186871
REACTOME_IRAK2_MEDIATED_ACTIVATION_OF_TAK1_COMPLEX_UPON_TLR7_8_OR_9_STIMULATION,0.092284069,0.011926566,-0.126863199
REACTOME_TRAF6_MEDIATED_INDUCTION_OF_NFKB_AND_MAP_KINASES_UPON_TLR7_8_OR_9_ACTIVATION,0.321870335,-0.054592947,-0.001229924
REACTOME_TRAF3_DEPENDENT_IRF_ACTIVATION_PATHWAY,-0.059678145,0.015154933,-0.261436443
REACTOME_GABA_B_RECEPTOR_ACTIVATION,0.024196922,-0.024672741,-0.019675513
REACTOME_NFKB_ACTIVATION_THROUGH_FADD_RIP1_PATHWAY_MEDIATED_BY_CASPASE_8_AND10,-0.062518039,-0.001015152,0.023272471
REACTOME_DESTABILIZATION_OF_MRNA_BY_KSRP,0.116690549,-0.108702633,0.107498834
REACTOME_TRANSPORT_TO_THE_GOLGI_AND_SUBSEQUENT_MODIFICATION,-0.121410475,0.196176459,-0.139396696
REACTOME_IRON_UPTAKE_AND_TRANSPORT,0.210045543,0.159545536,-0.003688694
REACTOME_DESTABILIZATION_OF_MRNA_BY_TRISTETRAPROLIN_TTP,0.093295356,-0.079177939,0.106929754
REACTOME_INTERFERON_GAMMA_SIGNALING,0.048599388,-0.171281104,-0.055330408
REACTOME_N_GLYCAN_ANTENNAE_ELONGATION,0.022360583,0.106951656,0.055521803
REACTOME_TRAF6_MEDIATED_IRF7_ACTIVATION_IN_TLR7_8_OR_9_SIGNALING,0,0,0
REACTOME_ACTIVATION_OF_IRF3_IRF7_MEDIATED_BY_TBK1_IKK_EPSILON,-0.07768922,0.090590911,-0.110714517
REACTOME_ION_TRANSPORT_BY_P_TYPE_ATPASES,0.008022741,0.127139905,0.065172497
REACTOME_INTERFERON_ALPHA_BETA_SIGNALING,-0.098474694,-0.106844677,0.020903288
REACTOME_ADVANCED_GLYCOSYLATION_ENDPRODUCT_RECEPTOR_SIGNALING,0.071716571,0.121659595,-0.165531112
REACTOME_GABA_RECEPTOR_ACTIVATION,-0.029289699,-0.060013089,0.013525373
REACTOME_KINESINS,0.086737728,0.050925345,-0.107526828
REACTOME_N_GLYCAN_ANTENNAE_ELONGATION_IN_THE_MEDIAL_TRANS_GOLGI,0.061583907,0.088590095,0.071598034
REACTOME_REGULATION_OF_IFNA_SIGNALING,-0.015595464,0.037907801,0.056532176
REACTOME_INTERFERON_SIGNALING,-0.107574161,-0.059007899,-0.035479935
REACTOME_NEGATIVE_REGULATORS_OF_RIG_I_MDA5_SIGNALING,0.012083408,0.041349357,0.003709955
REACTOME_NFKB_AND_MAP_KINASES_ACTIVATION_MEDIATED_BY_TLR4_SIGNALING_REPERTOIRE,0.326686772,-0.060446766,0.001229673
REACTOME_TRANSFERRIN_ENDOCYTOSIS_AND_RECYCLING,0.227830844,0.192608918,0.147596907
REACTOME_DSCAM_INTERACTIONS,0,0,0
REACTOME_ION_CHANNEL_TRANSPORT,-0.030560542,0.103770525,0.077463036
REACTOME_DESTABILIZATION_OF_MRNA_BY_AUF1_HNRNP_D0,0.081352055,0.079596633,0.06889763
REACTOME_TRAF6_MEDIATED_INDUCTION_OF_TAK1_COMPLEX,0.106137523,0.098900081,-0.094707264
REACTOME_RIG_I_MDA5_MEDIATED_INDUCTION_OF_IFN_ALPHA_BETA_PATHWAYS,0.015016465,-0.077295338,-0.102985617
REACTOME_IKK_COMPLEX_RECRUITMENT_MEDIATED_BY_RIP1,0,0,0
REACTOME_LIGAND_GATED_ION_CHANNEL_TRANSPORT,0,0,0
REACTOME_FORMATION_OF_INCISION_COMPLEX_IN_GG_NER,0.095173289,0.01113793,-0.052172683
REACTOME_TRANSCRIPTIONAL_REGULATION_OF_WHITE_ADIPOCYTE_DIFFERENTIATION,0.000445794,0.146676634,0.065172008
REACTOME_ENDOSOMAL_SORTING_COMPLEX_REQUIRED_FOR_TRANSPORT_ESCRT,-0.041446567,0.107490108,0.016063243
REACTOME_MEIOTIC_RECOMBINATION,0.149391358,-0.037633706,-0.106973727
REACTOME_IL_2_SIGNALING,-0.031353147,0.037047509,0.121167777
REACTOME_IL_6_SIGNALING,-0.06029398,-0.046240532,0.06757524
REACTOME_PLATELET_AGGREGATION_PLUG_FORMATION,0.048438887,-0.088800147,0.096511449
REACTOME_SIGNALING_BY_NOTCH,-0.04099731,0.163388387,0.133415141
REACTOME_LAGGING_STRAND_SYNTHESIS,-0.014837456,0.190553934,-0.180450545
REACTOME_INTRINSIC_PATHWAY,0.064932674,-0.117167704,0.019992288
REACTOME_INHIBITION_OF_REPLICATION_INITIATION_OF_DAMAGED_DNA_BY_RB1_E2F1,0.152811661,0.059907199,0.092233516
REACTOME_ETHANOL_OXIDATION,0,0,0
REACTOME_SYNTHESIS_OF_VERY_LONG_CHAIN_FATTY_ACYL_COAS,0.114521131,0.141037852,0.089063156
REACTOME_DNA_REPLICATION,0.138327543,0.101207537,0.112101925
REACTOME_CLEAVAGE_OF_GROWING_TRANSCRIPT_IN_THE_TERMINATION_REGION_,-0.029943356,-0.003152676,0.03157678
REACTOME_PKB_MEDIATED_EVENTS,0.196208783,0.146132654,0.0258226
REACTOME_E2F_MEDIATED_REGULATION_OF_DNA_REPLICATION,0.193828077,0.108419041,0.072767407
REACTOME_METABOLISM_OF_CARBOHYDRATES,0.299428526,0.261284723,0.138946012
REACTOME_HORMONE_SENSITIVE_LIPASE_HSL_MEDIATED_TRIACYLGLYCEROL_HYDROLYSIS,-0.035614545,0.081876012,0.066581083
REACTOME_SIGNALING_BY_INSULIN_RECEPTOR,0.331377071,0.353092246,0.153703186
REACTOME_SIGNAL_ATTENUATION,0.005260016,0.071417604,0.004243693
REACTOME_PURINE_METABOLISM,0.153076369,0.095855396,0.141460412
REACTOME_SOS_MEDIATED_SIGNALLING,0.000541241,-0.102043213,0.093372819
REACTOME_RNA_POL_III_TRANSCRIPTION_INITIATION_FROM_TYPE_3_PROMOTER,0.112091754,-0.026410075,-0.126801009
REACTOME_APOPTOSIS,0.158140136,0.197942055,0.088720673
REACTOME_LIPID_DIGESTION_MOBILIZATION_AND_TRANSPORT,-0.081413532,0.249767418,0.09960848
REACTOME_HEMOSTASIS,0.09557998,0.115899664,0.043037021
REACTOME_INFLUENZA_LIFE_CYCLE,0.050498419,0.108686568,0.049393917
REACTOME_INFLUENZA_VIRAL_RNA_TRANSCRIPTION_AND_REPLICATION,0.07753114,0.144552852,0.053500597
REACTOME_NEP_NS2_INTERACTS_WITH_THE_CELLULAR_EXPORT_MACHINERY,-0.123883172,0.125021739,-0.141877175
REACTOME_HIV_INFECTION,0.064942917,0.069334288,0.030313926
REACTOME_TRANSPORT_OF_RIBONUCLEOPROTEINS_INTO_THE_HOST_NUCLEUS,-0.182959847,0.065900172,-0.080321325
REACTOME_HIV_LIFE_CYCLE,-0.117981642,-0.04786813,-0.079641703
REACTOME_ABORTIVE_ELONGATION_OF_HIV1_TRANSCRIPT_IN_THE_ABSENCE_OF_TAT,-0.021401459,0.021366771,-0.014174644
REACTOME_EARLY_PHASE_OF_HIV_LIFE_CYCLE,0.041625473,0.02368717,0.064875254
REACTOME_HOST_INTERACTIONS_OF_HIV_FACTORS,0.065529779,0.006087386,0.097379559
REACTOME_RNA_POL_III_TRANSCRIPTION_TERMINATION,0.057874631,0.05114373,-0.143647832
REACTOME_RESPIRATORY_ELECTRON_TRANSPORT_ATP_SYNTHESIS_BY_CHEMIOSMOTIC_COUPLING_AND_HEAT_PRODUCTION_BY_UNCOUPLING_PROTEINS_,0.03317364,0.064903346,0.050444943
REACTOME_FORMATION_OF_THE_HIV1_EARLY_ELONGATION_COMPLEX,0.010309413,0.076323189,0.040073366
REACTOME_RAF_MAP_KINASE_CASCADE,-0.06375949,-0.102711129,0.070637406
REACTOME_VIRAL_MESSENGER_RNA_SYNTHESIS,0.032129833,0.010054449,-0.101065251
REACTOME_LATE_PHASE_OF_HIV_LIFE_CYCLE,-0.208836834,-0.020305177,-0.076358588
REACTOME_SHC_MEDIATED_SIGNALLING,-0.017513031,-0.047059292,0.082922571
REACTOME_INTERACTIONS_OF_VPR_WITH_HOST_CELLULAR_PROTEINS,-0.191463357,0.037542243,-0.041064296
REACTOME_FORMATION_OF_ATP_BY_CHEMIOSMOTIC_COUPLING,0.332557189,0.021825293,-0.008
REACTOME_APC_C_CDH1_MEDIATED_DEGRADATION_OF_CDC20_AND_OTHER_APC_C_CDH1_TARGETED_PROTEINS_IN_LATE_MITOSIS_EARLY_G1,0.185822487,0.18542906,0.109770051
REACTOME_ACTIVATION_OF_ATR_IN_RESPONSE_TO_REPLICATION_STRESS,0.051853544,0.18249588,-0.136697207
REACTOME_UNWINDING_OF_DNA,0,0,0
REACTOME_APC_C_CDC20_MEDIATED_DEGRADATION_OF_MITOTIC_PROTEINS,0.162570016,0.161112875,0.099180625
REACTOME_GLUCURONIDATION,0,0,0
REACTOME_AUTODEGRADATION_OF_CDH1_BY_CDH1_APC_C,0.167037745,0.174496331,0.101811778
REACTOME_MYD88_MAL_CASCADE_INITIATED_ON_PLASMA_MEMBRANE,0.318871923,-0.054889363,-0.001229771
REACTOME_INNATE_IMMUNE_SYSTEM,0.241514974,0.120112867,0.070089073
REACTOME_REGULATION_OF_GLUCOKINASE_BY_GLUCOKINASE_REGULATORY_PROTEIN,-0.083970627,0.094304653,-0.124680876
REACTOME_MITOTIC_PROMETAPHASE,0.0484731,0.068186738,0.126695142
REACTOME_APC_C_CDC20_MEDIATED_DEGRADATION_OF_CYCLIN_B,0.04780763,0.013915228,-0.013533861
REACTOME_SCF_BETA_TRCP_MEDIATED_DEGRADATION_OF_EMI1,0.14678588,0.121516374,0.088151294
REACTOME_LIPOPROTEIN_METABOLISM,0.144399239,0.162093801,0.080749547
REACTOME_G1_S_SPECIFIC_TRANSCRIPTION,0.055616925,-0.029769432,0.011358873
REACTOME_THE_ROLE_OF_NEF_IN_HIV1_REPLICATION_AND_DISEASE_PATHOGENESIS,0.107755172,-0.156205315,-0.025822445
REACTOME_CHYLOMICRON_MEDIATED_LIPID_TRANSPORT,0,0,0
REACTOME_SIGNALING_BY_TGF_BETA_RECEPTOR_COMPLEX,-0.144118724,-0.031523726,0.136163953
REACTOME_CONVERSION_FROM_APC_C_CDC20_TO_APC_C_CDH1_IN_LATE_ANAPHASE,0.182370618,0.142548028,0.097603023
REACTOME_ACTIVATED_TLR4_SIGNALLING,0.329755507,-0.035906698,-0.003689142
REACTOME_IMMUNE_SYSTEM,0.110842752,0.196526695,0.067675645
REACTOME_BINDING_AND_ENTRY_OF_HIV_VIRION,0,0,0
REACTOME_PHOSPHORYLATION_OF_THE_APC_C,0.214314846,0.181399864,0.098676534
REACTOME_CYTOSOLIC_SULFONATION_OF_SMALL_MOLECULES,0,0,0
REACTOME_INTEGRATION_OF_PROVIRUS,0.039396504,0.033625781,-0.019487061
REACTOME_GLUTATHIONE_CONJUGATION,0.192632376,0.021033414,-0.087650796
REACTOME_COMPLEMENT_CASCADE,0.092465235,0.100305074,0.036371236
REACTOME_PHASE_II_CONJUGATION,-0.094537445,0.109604381,-0.050415704
REACTOME_MTORC1_MEDIATED_SIGNALLING,0.107265303,0.126761234,0.059073705
REACTOME_TOLL_RECEPTOR_CASCADES,0.333744095,0.049456304,0.035664168
REACTOME_ACTIVATION_OF_BH3_ONLY_PROTEINS,0.104977703,0.030981027,0.024127438
REACTOME_GLUCOSE_METABOLISM,0.236809604,0.201124802,0.143977446
REACTOME_RNA_POL_III_CHAIN_ELONGATION,0.071300749,0.036722793,-0.139583949
REACTOME_VOLTAGE_GATED_POTASSIUM_CHANNELS,0.007178511,0.006313318,0.021681481
REACTOME_ADAPTIVE_IMMUNE_SYSTEM,0.12452896,0.167016482,0.05732977
REACTOME_NOD1_2_SIGNALING_PATHWAY,0.187796339,-0.00245495,-0.101788037
REACTOME_CYTOKINE_SIGNALING_IN_IMMUNE_SYSTEM,-0.253031837,-0.210575266,-0.05951484
REACTOME_MEIOTIC_SYNAPSIS,0.021392699,-0.044483378,0.047953236
REACTOME_ANTIGEN_PRESENTATION_FOLDING_ASSEMBLY_AND_PEPTIDE_LOADING_OF_CLASS_I_MHC,0.038668729,0.148381938,-0.019676192
REACTOME_THE_NLRP3_INFLAMMASOME,0,0,0
REACTOME_CLASS_I_MHC_MEDIATED_ANTIGEN_PROCESSING_PRESENTATION,0.15278444,0.188602458,0.032913349
REACTOME_NONSENSE_MEDIATED_DECAY_ENHANCED_BY_THE_EXON_JUNCTION_COMPLEX,0.07753114,0.171113573,0.053497575
REACTOME_PIP3_ACTIVATES_AKT_SIGNALING,0.139899545,-0.131736571,-0.082840325
REACTOME_ANTIGEN_PROCESSING_UBIQUITINATION_PROTEASOME_DEGRADATION,0.204274175,0.202512014,0.009170346
REACTOME_TANDEM_PORE_DOMAIN_POTASSIUM_CHANNELS,0,0,0
REACTOME_INFLAMMASOMES,-0.137869645,0.161388043,-0.074207554
REACTOME_POTASSIUM_CHANNELS,0.074301426,0.106943159,0.118217952
REACTOME_NUCLEOTIDE_BINDING_DOMAIN_LEUCINE_RICH_REPEAT_CONTAINING_RECEPTOR_NLR_SIGNALING_PATHWAYS,-0.073901775,0.093391906,0.03811656
REACTOME_INWARDLY_RECTIFYING_K_CHANNELS,0.020887245,0.115866243,0.143884528
REACTOME_AMYLOIDS,0,0,0
REACTOME_PACKAGING_OF_TELOMERE_ENDS,0.190271895,0.018651745,0.128215354
REACTOME_TELOMERE_MAINTENANCE,0.238675179,0.063344627,-0.121730549
REACTOME_PLATELET_ACTIVATION_SIGNALING_AND_AGGREGATION,0.012148699,0.102994688,0.006154195
REACTOME_REMOVAL_OF_THE_FLAP_INTERMEDIATE_FROM_THE_C_STRAND,0.005030529,0.144684018,0.037523993
REACTOME_CREATION_OF_C4_AND_C2_ACTIVATORS,0,0,0
REACTOME_APC_CDC20_MEDIATED_DEGRADATION_OF_NEK2A,0.058732502,0.025503086,-0.012335358
REACTOME_INITIAL_TRIGGERING_OF_COMPLEMENT,0,0,0
REACTOME_EXTENSION_OF_TELOMERES,0.135757584,0.044225095,-0.150269651
REACTOME_G2_M_CHECKPOINTS,0.083328725,0.133101207,-0.143499352
REACTOME_G2_M_DNA_DAMAGE_CHECKPOINT,-0.127858021,-0.059193675,0.013967404
REACTOME_S_PHASE,0.144308808,0.079884932,0.116280105
REACTOME_SCFSKP2_MEDIATED_DEGRADATION_OF_P27_P21,0.126797604,0.154526555,0.079241045
REACTOME_TRYPTOPHAN_CATABOLISM,0,0,0
REACTOME_DNA_STRAND_ELONGATION,0.034474015,0.134748994,-0.172807362
REACTOME_RESOLUTION_OF_AP_SITES_VIA_THE_SINGLE_NUCLEOTIDE_REPLACEMENT_PATHWAY,0.046735928,0.218334438,0.053496393
REACTOME_FGFR_LIGAND_BINDING_AND_ACTIVATION,0,0,0
REACTOME_CHOLESTEROL_BIOSYNTHESIS,0.115516111,0.054980586,0.118100894
REACTOME_APOBEC3G_MEDIATED_RESISTANCE_TO_HIV1_INFECTION,0,0,0
REACTOME_GAP_JUNCTION_TRAFFICKING,0.093255897,-0.118411446,0.091172434
REACTOME_FGFR2C_LIGAND_BINDING_AND_ACTIVATION,0,0,0
REACTOME_METABOLISM_OF_PORPHYRINS,0.044331268,0.13401427,-0.208426402
REACTOME_FGFR4_LIGAND_BINDING_AND_ACTIVATION,0,0,0
REACTOME_VIF_MEDIATED_DEGRADATION_OF_APOBEC3G,0.185192289,0.14163986,0.110300615
REACTOME_SIGNALING_BY_FGFR,0.155096486,-0.022294613,-0.089758218
REACTOME_DIGESTION_OF_DIETARY_CARBOHYDRATE,0,0,0
REACTOME_FGFR1_LIGAND_BINDING_AND_ACTIVATION,0,0,0
REACTOME_GAP_JUNCTION_ASSEMBLY,0,0,0
REACTOME_SYNTHESIS_OF_GLYCOSYLPHOSPHATIDYLINOSITOL_GPI,0.072383393,0.232571024,0.084880945
REACTOME_RNA_POL_I_TRANSCRIPTION_INITIATION,0.237774685,0.007240451,-0.011168787
REACTOME_PYRIMIDINE_METABOLISM,0.071834537,0.161115666,0.046262117
REACTOME_INTRINSIC_PATHWAY_FOR_APOPTOSIS,0.066968548,-0.058515985,0.065298587
REACTOME_PI3K_CASCADE,0.507337164,0.620957073,0.58197518
REACTOME_APOPTOTIC_EXECUTION_PHASE,0.112815464,0.04669944,0.055828357
REACTOME_SHC_RELATED_EVENTS,0.318393394,0.407430373,0.168883657
NABA_COLLAGENS,0,0,0
NABA_ECM_GLYCOPROTEINS,0.159130012,0.168659145,0.033299836
NABA_ECM_REGULATORS,-0.09991823,-0.14683128,0.015984364
NABA_ECM_AFFILIATED,0.1448687,0.086944382,0.094677896
NABA_PROTEOGLYCANS,0,0,0
NABA_SECRETED_FACTORS,0.480852398,0.50089213,0.709929574
NABA_CORE_MATRISOME,0.154931327,0.180929363,0.030832996
NABA_MATRISOME_ASSOCIATED,0.282869095,0.271446661,0.157614809
NABA_BASEMENT_MEMBRANES,-0.260555968,0.012970284,0.016192893
NABA_MATRISOME,0.31780936,0.263054691,0.154615232
